Name of District,Name of Province,Name of Division,Status of Mouza_Rural,Status of Mouza_Urban,Status of Mouza_PartlyUrban,Status of Mouza_Forest,Status of Mouza_UnPopulated,Total Number of Settlements,Major Crop Wheat,Major Crop Rice,Major Crop Cotton,Major Crop Sugarcane,Major Crop Maize,Major Crop Pulses,Major Crop Orchard,Major Crop Vegetables,Irrigation System Canal,Irrigation System River,Irrigation System Tubwell/Well,Irrigation System Ravine/Stream,Irrigation System Spring/Karez,Irrigation System Arid,Irrigation System Flooding Torrent,Irrigation System Others,Water Course Improvement Scheme Canal Irrigation,Total Number of Water Courses,Number of Improved Water Courses,Total Length of Improved Water Courses (Meters),Number of Drip Systems,Number of Sprinkler Systems,Number of Other Irrigation Systems,No Modern Irrigation System,Depth of Water Table in ft,Waste Management,Sweet Underground Water,Distance to Sweet Water in km,Source of Drinking Water: Govt Piped Supply,Source of Drinking Water: Personal Hand/Electric Pump,Source of Drinking Water: Water Filtration Plant,Source of Drinking Water: Reverse Osmosis Plant,Source of Drinking Water: Pump on Canal,Source of Drinking Water: Well,Source of Drinking Water: River/Canal,Source of Drinking Water: Spring/Karez,Source of Drinking Water: Pond/Toba,Source of Drinking Water: Others,Sewerage System: Cemented Drain,Sewerage System: Coverage,Population Welfare Centre Available,Population Welfare Centre Distance (km),Basic Health Unit Available,Basic Health Unit Distance (km),Rural Health Centre Available,Rural Health Centre Distance (km),NGO Dispensary Available,NGO Dispensary Distance (km),Child/Mother Care Centre Available,Child/Mother Care Centre Distance (km),Private Doctor (MBBS) Available,Private Doctor (MBBS) Distance (km),Hospital/Dispensary Available,Hospital/Dispensary Distance (km),Facility of Midwife Available,Facility of Midwife Distance (km),Boys Primary School Available,Boys Primary School Distance (km),Boys Middle School Available,Boys Middle School Distance (km),Boys High/Higher Secondary School Available,Boys High/Higher Secondary School Distance (km),Boys College Available,Boys College Distance (km),Boys Vocational Institute Available,Boys Vocational Institute Distance (km),Boys Religious Institute Available,Boys Religious Institute Distance (km),Girls Primary School Available,Girls Primary School Distance (km),Girls Middle School Available,Girls Middle School Distance (km),Girls High/Higher Secondary School Available,Girls High/Higher Secondary School Distance (km),Girls College Available,Girls College Distance (km),Girls Vocational Institute Available,Girls Vocational Institute Distance (km),Girls Religious Institute Available,Girls Religious Institute Distance (km),Male Cricket Playground,Male Hockey Playground,Male Football Playground,Male Volleyball Playground,Male Kabbady Playground,Male Other Sports Playground,Male None Playground,Female Cricket Playground,Female Hockey Playground,Female Football Playground,Female Volleyball Playground,Female Kabbady Playground,Female Other Sports Playground,Female None Playground,Dispensary/Veterinary Centre Available,Dispensary/Veterinary Centre Distance (km),Private Veterinary Facility Available,Private Veterinary Facility Distance (km),Mobile Veterinary Dispenser Available,No Farms,Number of Poultry Farms,Number of Livestock/Dairy Farms,Number of Fish Farms,Electricity Availability,Distance to Electricity (km),Alternate Source: Solar Energy,Alternate Source: Bio Gas,Alternate Source: Generator,Alternate Source: Others,No Alternate Electricity Source,Fuel: Sui Gas (Natural Gas),Fuel: LPG,Fuel: Kerosene Oil,Fuel: Wood,Fuel: Coal,Road Type,Unmetalled Road Distance (km),Media: Radio,Media: TV,Media: Cable,Media: Newspaper,No Media Sources,Market/Bazar,Market/Bazar Distance (km),Cold Storage Available,Cold Storage Distance (km),Govt Procurement Centre Available,Govt Procurement Centre Distance (km),Agricultural Machinery Workshop Available,Agricultural Machinery Workshop Distance (km),Fuel Pump Available,Fuel Pump Distance (km),Transport Facility Available,Transport Facility Distance (km),CNG/LPG Facility Available,CNG/LPG Facility Distance (km),Wholesale Market: Livestock Available,Wholesale Market: Livestock Distance (km),Wholesale Market: Grains Available,Wholesale Market: Grains Distance (km),Wholesale Market: Fruits/Vegetables Available,Wholesale Market: Fruits/Vegetables Distance (km),PCO Available,PCO Distance (km),Mobile Signals Available,Mobile Signals Distance (km),Internet: Fixed Line DSL Available,Internet: Fixed Line DSL Distance (km),Internet: Cable Net Available,Internet: Cable Net Distance (km),Internet: Mobile Net Available,Internet: Mobile Net Distance (km),Community Grazing Land Available,Community Grazing Land (Acres),Community Forest Available,Community Forest Area (Acres),Natural Disaster in Last 5 Years,Disaster Type: Drought,Disaster Type: Flood,Disaster Type: Earthquake,Disaster Type: Others,Credit Source: ZTBL,Credit Source: Cooperative Bank,Credit Source: Commercial Bank,Credit Source: Micro Finance Bank,Credit Source: NGO,Credit Source: RSP,Credit Source: Government,Credit Source: Broker,Credit Source: Others,Online Commercial Bank Available,Online Commercial Bank Distance (km),Reconciliation Committee Available,Reconciliation Committee Distance (km),Post Office Available,Post Office Distance (km),Police Station/Post Available,Police Station/Post Distance (km),NGO: Male NGO,NGO: Male Community Org,NGO: Male Citizen Community Board,NGO: Male Community Centre/Library,NGO: Male None,NGO: Female NGO,NGO: Female Community Org,NGO: Female Citizen Community Board,NGO: Female Community Centre/Library,NGO: Female None,Industry: Large Scale,Industry: Medium Scale,Industry: Small Scale,Industry: Cottage,Industry: None,Employment: Male Service,Employment: Male Agriculture,Employment: Male Trade,Employment: Male Industry,Employment: Male Personal Business,Employment: Male Overseas,Employment: Male Labour,Employment: Female Service,Employment: Female Agriculture,Employment: Female Trade,Employment: Female Industry,Employment: Female Personal Business,Employment: Female Overseas,Employment: Female Labour,Total Villages,Total Tehsils,Construction Type of Majority of Houses_1,Construction Type of Majority of Houses_2,Construction Type of Majority of Houses_3,Construction Type of Majority of Houses_4,Status Type of Majority of Streets_1,Status Type of Majority of Streets_2,Status Type of Majority of Streets_3,Status Type of Majority of Streets_4,Waste Management Type_0,Waste Management Type_1,Waste Management Type_2,Toilet Facility in Majority of Houses_0,Toilet Facility in Majority of Houses_1
ABBOTTABAD DISTRICT,KHYBER PAKHTUNKHWA,HAZARA DIVISION,0.9643916913946587,0.005934718,0.029673591,0,0,1537,0.9226190476190477,0.005952381,0,0.008928571,0.9672619047619048,0.00297619,0.020833333333333332,0.077380952,0.00297619,0.00297619,0.026785714285714284,0.041666666666666664,0.071428571,0.9404761904761905,0,0.008928571,0,0,0,0,0,0,0,1,188.0267062,0.020771513353115726,0.9851632047477745,55.2,0.44807121661721067,0.4035608308605341,0,0,0.053412463,0.10385756676557864,0.002967359,0.569732938,0.014836795,0.011869436201780416,3.5192878338278932,3.7804154302670625,0.16913946587537093,10.446428571428571,0.19584569732937684,9.287822878228782,0.11572700296735905,11.570469798657719,0.041543027,20.897832817337463,0.10979228486646884,13.89,0.1543026706231454,17.887719298245614,0.20771513353115728,11.749063670411985,0.2789317507418398,14.041152263374485,0.9169139465875371,2.5357142857142856,0.47477744807121663,4.6440677966101696,0.284866469,7.390041493775934,0.032640949554896145,17.720858895705522,0.014836795,30.11144578313253,0.3827893175074184,14.552884615384615,0.8694362017804155,3.477272727272727,0.44510385756676557,5.855614973262032,0.22551928783382788,9.32183908,0.029673591,19.489296636085626,0.020771513353115726,30.542424242424243,0.31750741839762614,18.095652173913045,0.035608309,0.008902077,0.026706231454005934,0.011869436201780416,0,0,0.9525222551928784,0,0,0,0,0,0,1,0.074183976,15.51602564102564,0.12759643916913946,17.108843537414966,0.18100890207715134,0.7685459940652819,250,92,6,1,0,0.020771513353115726,0.026706231454005934,0.083086053,0.002967359,0.8724035608308606,0.142433234,0.21364985163204747,0.044510386,0.9109792284866469,0.029673591,Metaled,7.191489361702128,0.5875370919881305,0.9762611275964391,0.12759643916913946,0.26409495548961426,0,0.14540059347181009,13.753472222222221,0.053412463,30.42319749216301,0.035608309,27.747692307692308,0.029673591,25.04892966360856,0.056379822,18.81761006289308,0.8813056379821959,18.775,0.1572700296735905,22.848591549295776,0.020771513353115726,28.093939393939394,0.074183976,25.083333333333332,0.071216617,23.600638977635782,0.12462908011869436,18.230508474576272,0.9554896142433235,23.8,0.26112759643916916,19.606425702811244,0.18100890207715134,21.91304347826087,0.913946588,33.51724137931034,0.11869436201780416,2424,0.10089020771513353,10135,0.089020772,0,0,0.074183976,0.014836795,0.8011869436201781,0.011869436201780416,0.06231454,0.002967359,0.005934718,0,0.023738872,0,0.21068249258160238,0.041543027,16.69969040247678,0.3264094955489614,13.127753303964758,0.2818991097922849,7.8264462809917354,0.12166172106824925,10.972972972972974,0.011869436201780416,0.011869436201780416,0.005934718,0.005934718,0.973293769,0.005934718,0.002967359,0.002967359,0.002967359,0.9940652818991098,0.002967359,0.005934718,0.005934718,0.008902077,0.9792284866468842,2,2,2,0,2,2,2,0,0,0,0,0,0,0,332,4,0.1632047477744807,0.038575668,0.7804154302670623,0.017804154302670624,0.17507418397626112,0.21364985163204747,0.005934718,0.6053412462908012,0.9792284866468842,0.017804154302670624,0.002967359,0.029673591,0.9703264094955489
BAHAWALNAGAR DISTRICT,PUNJAB,BAHAWALPUR DIVISION,0.9668874172185431,0.002649007,0.021192053,0,0.009271523,1798,0.9933687,0.45490716180371354,0.9416445623342176,0.40848806366047746,0.4588859416445623,0.1246684350132626,0.25862068965517243,0.44297082228116713,0.9323607427055703,0.061007958,0.6074270557029178,0.00265252,0.00132626,0.039787798,0.00928382,0.00530504,0.8622516556291391,2416,2119,2199168,0,0,0,1,57.72317880794702,0.014647137150466045,0.4162234042553192,5.104783599088838,0.3337765957446808,0.7340425531914894,0.050531915,0.009308511,0.10372340425531915,0.003989362,0.049202128,0.001329787,0.046542553,0.029255319,3.5,3.9175531914893615,0.1584553928095872,9.389240506329115,0.14247669773635152,8.344720497,0.15046604527296936,8.388714734,0.097203728,11.895280235988201,0.078561917,10.726878612716764,0.071904128,12.103299856527977,0.1411451398135819,10.03875968992248,0.2752659574468085,10.409174311926606,0.8803191489361702,4.144444444444445,0.300531915,5.467680608365019,0.13829787234042554,7.708333333333333,0.035904255,16.689655172413794,0.03856383,19.479224376731302,0.22902796271637815,13.661485319516407,0.8095872170439414,4.944055944055944,0.30892143808255657,6.184971098265896,0.1118508655126498,8.428785607196401,0.03195739,16.27372764786795,0.030625832,19.820054945054945,0.17842876165113183,13.45542949756888,0.12383488681757657,0.025299601,0.071904128,0.073235686,0.037283621837549935,0,0.8508655126498003,0.00665779,0.005326232,0.009320905,0.014647137150466045,0.002663116,0,0.9840213049267643,0.097203728,8.376106194690266,0.151797603,9.431711146,0.5059920106524634,0.8521970705725699,124,81,87,1,0,0.19440745672436752,0.00665779,0.042609854,0.025299601,0.7776298268974701,0.031165312,0.20596205962059622,0.055555556,0.9566395663956639,0.023035230352303523,Metaled,3.6666666666666665,0.4673768308921438,0.9161118508655126,0.09587217,0.071904128,0.034620506,0.090666667,10.860703812316716,0.041278295605858856,36.74583333333333,0.039946738,13.471567267683772,0.12117177097203728,9.663636363636364,0.3022636484687084,6.009541984732825,0.4567243675099867,8.208333333333334,0.06391478,19.031294452347083,0.026631158,16.97811218,0.027962716,14.17123287671233,0.033288948069241014,15.214876033057852,0.099866844,12.979289940828401,0.9001331557922769,11.306666666666667,0.066577896,13.670470756062768,0.118508655,13.021148036253777,0.8548601864181092,13.284403669724771,0.039946738,242,0.030625832,389,0.1449468085106383,0.043882978723404256,0.041223404255319146,0.001329787,0.071808511,0.8826666666666667,0.604,0.5586666666666666,0.472,0.086666667,0.25466666666666665,0.11466666666666667,0.6653333333333333,0.086666667,0.042609854,13.649513212795549,0.13581890812250333,12.280431432973806,0.13448735019973368,8.069230769230769,0.035952064,13.02071823,0.005319149,0,0.003989362,0.001329787,0.9893617021276596,0.001329787,0,0,0,0.9986702127659575,0.001329787,0.034574468085106384,0.023936170212765957,0.018617021276595744,0.925531915,2,1,2,0,2,2,2,0,0,0,0,0,0,2,753,4,0.47536617842876167,0.039946738,0.4766977363515313,0.007989348,0.075898802,0.023968042609853527,0.2782956058588549,0.6218375499334221,0.9853528628495339,0.007989348,0.00665779,0.12117177097203728,0.8788282290279628
BANNU DISTRICT,KHYBER PAKHTUNKHWA,BANNU DIVISION,0.9026548672566371,0.022123893805309734,0.07079646,0,0.004424779,871,0.9911504424778761,0.8362831858407079,0.004424779,0.2920353982300885,0.8761061946902655,0.035398230088495575,0.24336283185840707,0.3893805309734513,0.7699115044247787,0.039823009,0.1504424778761062,0.2345132743362832,0.017699115044247787,0.061946902654867256,0.008849558,0.008849558,0.092920354,84,39,11660,0,0,0,1,98.27433628318585,0.035555555555555556,1,0,0.15555555555555556,0.9911111111111112,0.017777777777777778,0.008888889,0.12,0.066666667,0.008888889,0.004444444,0.017777777777777778,0,3.2088888888888887,3.7511111111111113,0.1688888888888889,4.294117647058823,0.1688888888888889,3.721925134,0.12444444444444444,5.253807106598985,0.08,5.884057971014493,0.18222222222222223,4.5,0.17777777777777778,7.145945945945946,0.15555555555555556,4.8052631578947365,0.25333333333333335,5.410714285714286,0.8622222222222222,2.3870967741935485,0.4222222222222222,3.0076923076923077,0.29333333333333333,3.257861635220126,0.08,5.850241546,0.022222222222222223,8.309090909090909,0.6444444444444445,3.1375,0.7288888888888889,2.557377049180328,0.38666666666666666,3.347826086956522,0.18666666666666668,4.475409836065574,0.026666667,6.383561643835616,0.017777777777777778,8.361990950226245,0.5466666666666666,4.078431372549019,0.062222222,0,0.044444444444444446,0.035555555555555556,0.004444444,0.004444444,0.9244444444444444,0,0,0,0,0,0,1,0.13777777777777778,4.103092783505154,0.3377777777777778,3.738255033557047,0.24888888888888888,0.8355555555555556,30,73,11,1,0,0.9644444444444444,0.013333333333333334,0.13777777777777778,0,0.026666667,0.20089285714285715,0.4330357142857143,0.098214286,0.9732142857142857,0.12053571428571429,Metaled,3.5,0.7511111111111111,0.76,0.04,0.6533333333333333,0.04,0.2311111111111111,4.312138728323699,0.013333333333333334,9.612612612612613,0.004444444,94,0.053333333,9.065727699530516,0.44,4.055555555555555,0.8311111111111111,5.368421052631579,0.13777777777777778,9.726804124,0.071111111,6.990430622009569,0.04,11.569444444444445,0.062222222,7.739336492890995,0.17333333333333334,6.708108108108108,0.8488888888888889,4.117647058823529,0.2,7.377777777777778,0.13333333333333333,9.066666666666666,0.8711111111111111,5.344827586206897,0.04,6187,0.017777777777777778,374,0.057777777777777775,0.026666667,0.026666667,0.004444444,0.004444444,0.8533333333333334,0.1288888888888889,0.075555556,0.004444444,0.022222222222222223,0,0.053333333,0.017777777777777778,0.14222222222222222,0.022222222222222223,8.481818181818182,0.053333333,8.478873239,0.21333333333333335,4.011299435028248,0.13333333333333333,3.7846153846153845,0.035555555555555556,0.008888889,0.004444444,0.008888889,0.9422222222222222,0.026666667,0.008888889,0,0.008888889,0.9555555555555556,0.004444444,0.008888889,0.022222222222222223,0.048888889,0.9155555555555556,2,2,2,0,2,2,2,2,0,0,0,0,0,0,226,4,0.084444444,0.066666667,0.8488888888888889,0,0.26666666666666666,0.013333333333333334,0.23555555555555555,0.48444444444444446,0.9644444444444444,0.004444444,0.031111111,0.12,0.88
BATAGRAM DISTRICT,KHYBER PAKHTUNKHWA,HAZARA DIVISION,0.9134615384615384,0,0.038461538461538464,0.048076923,0,586,0.8173076923076923,0.6634615384615384,0,0.019230769230769232,0.9807692307692307,0,0.009615385,0.125,0.076923077,0.057692307692307696,0.009615385,0.6538461538461539,0.3942307692307692,0.7788461538461539,0,0.019230769230769232,0.009615385,2,1,1000,0,0,0,1,137.31730769230768,0,1,0,0.375,0.28846153846153844,0.019230769230769232,0,0.048076923,0.34615384615384615,0.2980769230769231,0.8365384615384616,0,0,3.548076923076923,3.6826923076923075,0.25,9.717948717948717,0.3173076923076923,7.309859154929577,0.15384615384615385,10.568181818181818,0,23.778846153846153,0.048076923,13.383838383838384,0.038461538461538464,19,0.125,16.582417582417584,0.096153846,13.840425531914894,1,0,0.6730769230769231,5.382352941176471,0.40384615384615385,6.741935483870968,0.019230769230769232,31.91176470588235,0.009615385,44.592233009708735,0.7307692307692307,8,0.8461538461538461,7.125,0.38461538461538464,8.84375,0.076923077,16.84375,0.009615385,31.893203883495147,0,44.32692307692308,0.4807692307692308,10.666666666666666,0.009615385,0,0,0,0,0,0.9903846153846154,0,0,0,0,0,0,1,0.038461538461538464,11.2,0.019230769230769232,12.22549019607843,0.028846153846153848,0.5865384615384616,166,77,1,2,0,0.625,0,0.5673076923076923,0,0.076923077,0.009708738,0.2912621359223301,0.1553398058252427,1,0.097087379,Metaled,10.130434782608695,0.8365384615384616,0.75,0.038461538461538464,0.25961538461538464,0.038461538461538464,0.28846153846153844,11.243243243243244,0.028846153846153848,60.68316831683168,0.019230769230769232,57.73529411764706,0,47.47115384615385,0.076923077,15.010416666666666,0.7403846153846154,13.185185185185185,0.19230769230769232,47.20238095238095,0.038461538461538464,40.82,0,35.25,0.048076923,38.898989898989896,0.086538462,14.442105263157895,0.8942307692307693,6.818181818181818,0.18269230769230768,17.11764705882353,0.086538462,31.926315789473684,0.9134615384615384,14.222222222222221,0.19230769230769232,11573,0.20192307692307693,30480,0.019230769230769232,0,0,0,0.019230769230769232,0.875,0,0.11538461538461539,0,0.067307692,0,0,0.076923077,0.19230769230769232,0.028846153846153848,31.594059405940595,0.18269230769230768,24.023529411764706,0.4230769230769231,7.033333333333333,0.11538461538461539,9.043478260869565,0.057692307692307696,0.076923077,0,0,0.9134615384615384,0.057692307692307696,0.076923077,0,0,0.9134615384615384,0,0,0,0.009615385,0.9903846153846154,2,2,2,0,2,2,2,0,0,0,0,0,0,0,104,2,0.067307692,0.4519230769230769,0.4807692307692308,0,0.16346153846153846,0.057692307692307696,0,0.7788461538461539,1,0,0,0.048076923,0.9519230769230769
BUNER DISTRICT,KHYBER PAKHTUNKHWA,MALAKAND DIVISION,1,0,0,0,0,534,0.9878787878787879,0.072727273,0,0,0.9878787878787879,0,0.17575757575757575,0.3333333333333333,0.048484848484848485,0.030303030303030304,0.21818181818181817,0.296969697,0.3212121212121212,0.8909090909090909,0,0,0.024242424242424242,8,5,3265,0,0,0,1,236.66666666666666,0.26666666666666666,0.9636363636363636,100.33333333333333,0.47878787878787876,0.3333333333333333,0,0,0.024242424242424242,0.3212121212121212,0.042424242,0.5818181818181818,0.012121212121212121,0.006060606,3.084848484848485,3.6787878787878787,0.18787878787878787,11.111940298507463,0.17575757575757575,7.345588235294118,0.1696969696969697,8.124087591240876,0.21212121212121213,13.646153846153846,0.16363636363636364,11.079710144927537,0.23636363636363636,10.055555555555555,0.21818181818181817,8.364341085271318,0.21212121212121213,15.576923076923077,0.9818181818181818,8,0.6666666666666666,4.927272727272728,0.4,7.555555555555555,0.066666667,19.084415584415584,0.042424242,28.670886075949365,0.6060606060606061,8.784615384615385,0.793939394,7.029411764705882,0.44242424242424244,6.923913043478261,0.23636363636363636,10.253968253968255,0.042424242,33.04430379746835,0.090909091,42.973333333333336,0.4303030303030303,11.372340425531915,0.14545454545454545,0.018181818,0.048484848484848485,0.042424242,0,0,0.8424242424242424,0,0,0,0,0,0,1,0.15757575757575756,10.18705035971223,0.296969697,9.810344827586206,0.3515151515151515,0.6606060606060606,212,21,17,2,0,0.5818181818181818,0.006060606,0.13333333333333333,0.018181818,0.30303030303030304,0.006060606,0.21212121212121213,0.054545455,0.9272727272727272,0.024242424242424242,Metaled,5.071428571428571,0.6181818181818182,0.8545454545454545,0.066666667,0.22424242424242424,0.060606061,0.24242424242424243,8.744,0.030303030303030304,55.9625,0.036363636,43.77358490566038,0.078787879,22.75657894736842,0.19393939393939394,10.421052631578947,0.8121212121212121,9.096774193548388,0.12121212121212122,52.07586206896552,0.030303030303030304,22.9875,0.072727273,28.235294117647058,0.090909091,25.12,0.1696969696969697,23.043795620437955,0.896969697,10.647058823529411,0.3333333333333333,32.50909090909091,0.20606060606060606,28.557251908396946,0.9151515151515152,13.214285714285714,0.38181818181818183,55011,0.18181818181818182,35006,0,0,0,0,0,0.6848484848484848,0.012121212121212121,0.10303030303030303,0.012121212121212121,0.018181818,0,0.006060606,0,0.34545454545454546,0.054545455,23.73076923076923,0.4909090909090909,13.69047619047619,0.15151515151515152,7.764285714285714,0.18181818181818182,7.437037037037037,0.084848485,0.084848485,0,0,0.8606060606060606,0.024242424242424242,0.024242424242424242,0,0,0.9757575757575757,0.024242424242424242,0.072727273,0.042424242,0.024242424242424242,0.8606060606060606,2,1,2,0,2,2,2,0,0,0,0,0,0,0,165,4,0.090909091,0.084848485,0.8181818181818182,0.006060606,0.18787878787878787,0.41818181818181815,0,0.3939393939393939,0.7333333333333333,0.2,0.066666667,0.1393939393939394,0.8606060606060606
CHARSADDA DISTRICT,KHYBER PAKHTUNKHWA,PESHAWAR DIVISION,0.9547738693467337,0,0.045226131,0,0,641,0.9899497487437185,0.055276382,0,0.8944723618090452,0.6733668341708543,0.005025126,0.3165829145728643,0.5628140703517588,0.7989949748743719,0.1407035175879397,0.3065326633165829,0.1407035175879397,0.030150754,0.10050251256281408,0.055276382,0.005025126,0.27638190954773867,405,271,100062,0,0,0,1,44.39698492462311,0.1457286432160804,0.9949748743718593,2,0.16080402010050251,0.9447236180904522,0.010050251256281407,0,0.135678392,0.3417085427135678,0.065326633,0.005025126,0,0,2.8241206030150754,3.472361809045226,0.2964824120603015,6.457142857142857,0.35175879396984927,4.844961240310077,0.20603015075376885,5.227848101265823,0.085427136,8.280219780219781,0.12562814070351758,7.959770114942529,0.24120603015075376,6.430463576158941,0.1658291457286432,6.445783132530121,0.39195979899497485,5.876033058,0.8994974874371859,2.65,0.5326633165829145,3.7311827956989245,0.34673366834170855,4.515384615384615,0.045226131,9.147368421052631,0.025125628,9.695876288659793,0.7738693467336684,5.088888888888889,0.8693467336683417,2.423076923076923,0.45226130653266333,3.6055045871559632,0.2864321608040201,5.007042253521127,0.060301508,9.080213903743315,0.035175879396984924,10.901041666666666,0.7035175879396985,5.762711864406779,0.16080402010050251,0.025125628,0.085427136,0.075376884,0.010050251256281407,0.015075377,0.8341708542713567,0,0,0,0,0,0,1,0.1306532663316583,6.179190751445087,0.3969849246231156,5.533333333333333,0.2814070351758794,0.49246231155778897,458,73,21,1,0,0.914572864,0.010050251256281407,0.25125628140703515,0,0.070351759,0.4120603015075377,0.457286432,0.18592964824120603,0.9045226130653267,0.035175879396984924,Metaled,4.5,0.8090452261306532,0.9597989949748744,0.050251256,0.46733668341708545,0.015075377,0.34673366834170855,5.7,0.050251256,12.862433862433862,0.035175879396984924,11.447916666666666,0.095477387,8.2,0.45226130653266333,5.027522935779817,0.7085427135678392,6.172413793103448,0.24623115577889448,6.62,0.085427136,6.840659341,0.050251256,8.428571428571429,0.055276382,7.627659574468085,0.25125628140703515,6.322147651006712,0.9447236180904522,5.7272727272727275,0.4221105527638191,7.017391304347826,0.19597989949748743,7.1875,0.9698492462311558,7.666666666666667,0.035175879396984924,1983,0.015075377,1870,0.08040201,0.010050251256281407,0.010050251256281407,0.010050251256281407,0.050251256,0.8140703517587939,0.005025126,0.20100502512562815,0,0,0.005025126,0.055276382,0.23618090452261306,0.22613065326633167,0.065326633,7.532258064516129,0.2562814070351759,7.574324324324325,0.24120603015075376,5.483443708609271,0.21105527638190955,4.541401274,0.015075377,0.035175879396984924,0.005025126,0,0.9597989949748744,0.005025126,0.010050251256281407,0.005025126,0,0.9899497487437185,0.005025126,0.010050251256281407,0.045226131,0.020100502512562814,0.9246231155778895,2,1,2,0,2,2,2,2,0,0,0,0,0,0,197,3,0.271356784,0.025125628,0.7035175879396985,0,0.4120603015075377,0.3015075376884422,0,0.2864321608040201,0.8542713567839196,0.090452261,0.055276382,0.005025126,0.9949748743718593
CHITRAL LOWER,KHYBER PAKHTUNKHWA,MALAKAND DIVISION,0.9595959595959596,0.010101010101010102,0.013468013468013467,0.016835016835016835,0,942,0.9290540540540541,0.091216216,0,0.006756757,0.9155405405405406,0.077702703,0.2972972972972973,0.48986486486486486,0.4864864864864865,0.094594595,0.016891891891891893,0.5405405405405406,0.24324324324324326,0.13175675675675674,0,0.010135135135135136,0.070707071,49,19,28402,0,0,0,1,277.64646464646466,0.010101010101010102,0.9663299663299664,24.2,0.4983164983164983,0.026936026936026935,0.013468013468013467,0,0.003367003,0.087542088,0.2760942760942761,0.5959595959595959,0.023569024,0.060606061,3.7946127946127945,3.808080808080808,0.10437710437710437,12.868421052631579,0.074074074,12.141818181818183,0.13804713804713806,13.65625,0.043771044,17.954225352112676,0.070707071,14.891304347826088,0.030303030303030304,20.92013888888889,0.084175084,14.036764705882353,0.20202020202020202,16.877637130801688,0.569023569,3.375,0.2255892255892256,6.856521739130435,0.15824915824915825,7.9,0.026936026936026935,28.214532871972317,0.016835016835016835,32.77739726027397,0.44107744107744107,15.789156626506024,0.4478114478114478,4.871951219512195,0.18518518518518517,6.438016529,0.10437710437710437,13.18796992481203,0.026936026936026935,26.505190311418684,0.023569024,32.08965517241379,0.3838383838383838,17.715846994535518,0.050505050505050504,0,0.057239057,0.026936026936026935,0,0.010101010101010102,0.9225589225589226,0,0,0,0,0,0,1,0.084175084,12.625,0.047138047,23.487632508833922,0.070707071,0.9831649831649831,3,4,5,1,0,0.37373737373737376,0.013468013468013467,0.070707071,0.060606061,0.5555555555555556,0.006756757,0.13513513513513514,0.047297297,0.9898648648648649,0.023648649,Unmetalled,13.483870967741936,0.8114478114478114,0.48484848484848486,0.15151515151515152,0.11447811447811448,0.047138047,0.12457912457912458,17.31153846153846,0.033670034,47.80836236933798,0.053872054,26.864768683274022,0.030303030303030304,26.927083333333332,0.077441077,16.945255474452555,0.7508417508417509,15.445945945945946,0.12121212121212122,32.582375478927204,0.006734007,57.328813559322036,0.067340067,35.88447653429603,0.057239057,30.24642857142857,0.094276094,21.37546468401487,0.8585858585858586,29.071428571428573,0.13804713804713806,29.90234375,0.12794612794612795,28.01158301158301,0.734006734,29.379746835443036,0.7037037037037037,373784,0.4377104377104377,165680,0.9292929292929293,0.1111111111111111,0.6127946127946128,0.7845117845117845,0.030303030303030304,0.3063973063973064,0,0.067340067,0.21548821548821548,0.11447811447811448,0.020202020202020204,0.030303030303030304,0.010101010101010102,0.5387205387205387,0.026936026936026935,27.474048442906575,0.4208754208754209,15.773255813953488,0.077441077,10.883211678832117,0.084175084,8.720588235294118,0.11784511784511785,0.5555555555555556,0.2356902356902357,0.016835016835016835,0.2996632996632997,0.060606061,0.4276094276094276,0.067340067,0,0.5286195286195287,0,0.010101010101010102,0.020202020202020204,0.060606061,0.9191919191919192,2,2,2,0,2,2,2,0,0,0,0,0,0,0,295,2,0.006734007,0.6430976430976431,0.3501683501683502,0,0.067340067,0.020202020202020204,0.006734007,0.9057239057239057,0.98989899,0.006734007,0.003367003,0.1717171717171717,0.8282828282828283
CHITRAL UPPER,KHYBER PAKHTUNKHWA,MALAKAND DIVISION,0.9935064935064936,0,0.006493506,0,0,465,0.987012987,0.1038961038961039,0,0,0.7207792207792207,0.012987012987012988,0.4805194805194805,0.5,0.6883116883116883,0.097402597,0.025974025974025976,0.4805194805194805,0.16233766233766234,0.051948052,0,0,0.084415584,25,24,341975,0,0,0,1,231.0064935064935,0.006493506,1,0,0.6558441558441559,0,0,0,0.006493506,0.064935065,0.3181818181818182,0.577922078,0.012987012987012988,0.012987012987012988,3.9935064935064934,4,0.24675324675324675,21.689655172413794,0.084415584,15.51063829787234,0.2012987012987013,16.83739837398374,0.11038961038961038,22.386861313868614,0.097402597,14.928057553956835,0.058441558,37.59310344827586,0.2012987012987013,8.560975609756097,0.38961038961038963,9.797872340425531,0.8506493506493507,4.086956521739131,0.3181818181818182,6.780952380952381,0.2012987012987013,8.804878048780488,0.051948052,31.767123287671232,0.019480519,60.99337748344371,0.538961039,26.197183098591548,0.5974025974025974,4.725806451612903,0.2532467532467532,8.313043478,0.12337662337662338,12.348148148148148,0.058441558,31.779310344827586,0.038961039,49.229729729729726,0.45454545454545453,24.952380952380953,0.090909091,0,0.097402597,0.077922078,0,0.084415584,0.7792207792207793,0,0,0.006493506,0.006493506,0,0,0.9935064935064936,0.064935065,17.53472222222222,0.077922078,23.781690140845072,0.058441558,0.987012987,0,15,1,1,0,0.4805194805194805,0,0.012987012987012988,0.019480519,0.5,0.013157894736842105,0.046052631578947366,0.006578947,0.9868421052631579,0.052631579,Unmetalled,42.916666666666664,0.5909090909090909,0.7727272727272727,0.090909091,0.025974025974025976,0.045454545454545456,0.16883116883116883,26.296875,0.006493506,377.58169934640523,0.13636363636363635,20.661654135338345,0.064935065,33.21527777777778,0.077922078,21.971830985915492,0.8766233766233766,42.26315789473684,0.051948052,310.8972602739726,0.006493506,344.80392156862746,0.21428571428571427,15.429752066115702,0.071428571,74.0979021,0.11688311688311688,31.330882352941178,0.935064935,31,0.064935065,39.541666666666664,0.045454545454545456,65.33333333333333,0.8051948051948052,40.5,0.5064935064935064,22320,0.025974025974025976,30,0.9805194805194806,0.23376623376623376,0.8831168831168831,0.9025974025974026,0.019480519,0.16233766233766234,0.012987012987012988,0.18181818181818182,0.21428571428571427,0.012987012987012988,0,0.032467532467532464,0.14285714285714285,0.5194805194805194,0.032467532467532464,44.70469798657718,0.6428571428571429,24.818181818181817,0.21428571428571427,8.793388429752065,0.058441558,13.972413793103449,0.22077922077922077,0.6298701298701299,0.23376623376623376,0.006493506,0.18181818181818182,0.18831168831168832,0.5844155844155844,0.14935064935064934,0,0.2727272727272727,0,0.006493506,0,0.24025974025974026,0.7532467532467533,2,1,2,0,2,2,2,2,0,0,0,0,0,0,154,2,0.012987012987012988,0.8636363636363636,0.11688311688311688,0.006493506,0,0.006493506,0.006493506,0.987012987,0.9935064935064936,0.006493506,0,0.032467532467532464,0.9675324675324676
DERA ISMAIL KHAN DISTRICT,KHYBER PAKHTUNKHWA,DERA ISMAIL KHAN DIVISION,0.8319783197831978,0.016260162601626018,0.013550135501355014,0,0.13821138211382114,911,0.9775280898876404,0.41853932584269665,0.078651685,0.5,0.4859550561797753,0.1404494382022472,0.15168539325842698,0.199438202,0.43820224719101125,0.084269663,0.3342696629213483,0.008426966,0.011235955056179775,0.4241573033707865,0.2640449438202247,0.028089887640449437,0.11797752808988764,219,154,148221,0,0,0,1,284.1444759206799,0.020771513353115726,0.6151603498542274,9.946969696969697,0.21764705882352942,0.6,0.008823529,0,0.11470588235294117,0.011764705882352941,0.094117647,0.005882353,0.17058823529411765,0.052941176470588235,3.6194690265486726,3.893805309734513,0.11799410029498525,12.006688963210703,0.13864306784660768,13.595890410958905,0.10324483775811209,11.819078947368421,0.073746313,18.73248407643312,0.091445428,12.925324675324676,0.064896755,16.50788643533123,0.13864306784660768,12.664383561643836,0.13864306784660768,15.537671232876713,0.8224852071005917,6.016666666666667,0.41964285714285715,7.856410256410256,0.22781065088757396,10,0.023668639053254437,19.681818181818183,0.011869436201780416,31.906906906906908,0.3994082840236686,11.187192118226601,0.6745562130177515,6.927272727272728,0.2997032640949555,9.144067797,0.12721893491124261,12.108474576271187,0.017751479,21.325301204819276,0.014836795,31.69578313253012,0.2692307692307692,13.959514170040485,0.044117647,0.005882353,0.017647059,0.055882353,0.014705882352941176,0,0.9352941176470588,0,0,0,0,0,0,1,0.082840237,13.761290322580646,0.15680473372781065,14.221052631578948,0.097345133,0.8931750741839762,77,19,48,1,0,0.7865497076023392,0,0.029239766081871343,0,0.21052631578947367,0.012422360248447204,0.086956522,0.027950310559006212,0.9937888198757764,0.021739130434782608,Metaled,7.891719745,0.6558823529411765,0.7323529411764705,0.026470588235294117,0.16176470588235295,0.14411764705882352,0.11143695014662756,15.409240924092408,0.011730205278592375,32.931750741839764,0.011730205278592375,29.100890207715132,0.046920821,20.286153846153844,0.22580645161290322,11.465909090909092,0.41642228739002934,10.889447236180905,0.091176471,27.15210355987055,0.032352941,19.04255319148936,0.052941176470588235,19.03726708074534,0.038235294,24.856269113149846,0.073529412,22.914285714285715,0.8705882352941177,13.25,0.082352941,24.625,0.073529412,27.615873015873017,0.8093841642228738,12.938461538461539,0.038235294,956,0.032258065,1324,0.10818713450292397,0.029239766081871343,0.058479532,0.00877193,0.020467836,0.7705882352941177,0.014705882352941176,0.29705882352941176,0.10588235294117647,0,0.038235294,0.052941176470588235,0.15,0.1588235294117647,0.020588235294117647,25.52852852852853,0.16470588235294117,17.676056338028168,0.12058823529411765,10.725752508361204,0.088235294,13.935483870967742,0.017647059,0,0.002941176,0.002941176,0.9764705882352941,0.011764705882352941,0,0,0,0.9882352941176471,0.008823529,0.011764705882352941,0.038235294,0.067647059,0.8735294117647059,2,1,2,0,2,0,2,0,0,0,0,0,0,0,367,5,0.023738872,0.3264094955489614,0.629080119,0.020771513353115726,0.10746268656716418,0.086567164,0.10149253731343283,0.7044776119402985,0.9792284866468842,0.014836795,0.005934718,0.19578313253012047,0.8042168674698795
HANGU DISTRICT,KHYBER PAKHTUNKHWA,KOHAT DIVISION,0.9565217391304348,0.021739130434782608,0.021739130434782608,0,0,179,0.9565217391304348,0.065217391,0,0.021739130434782608,0.8913043478260869,0,0.15217391304347827,0.2826086956521739,0.17391304347826086,0,0.2391304347826087,0.15217391304347827,0.13043478260869565,0.7391304347826086,0.043478260869565216,0,0.17391304347826086,12,8,3650,0,0,0,1,90.91304347826087,0.10869565217391304,0.9782608695652174,6,0.2608695652173913,0.41304347826086957,0,0,0.086956522,0.7608695652173914,0,0.3695652173913043,0.065217391,0,2.9347826086956523,3.8260869565217392,0.2826086956521739,12.515151515151516,0.2826086956521739,11.484848484848484,0.21739130434782608,11.916666666666666,0.065217391,15.348837209302326,0.10869565217391304,14.097560975609756,0.065217391,13.534883720930232,0.13043478260869565,12.5,0.086956522,13.428571428571429,0.9782608695652174,1,0.717391304,10.846153846153847,0.43478260869565216,11.807692307692308,0.021739130434782608,16.622222222222224,0.021739130434782608,18.444444444444443,0.5434782608695652,15.142857142857142,0.8260869565217391,5.125,0.45652173913043476,13.36,0.17391304347826086,15.578947368421053,0.021739130434782608,16.57777777777778,0.065217391,19.372093023255815,0.5434782608695652,14.380952380952381,0.21739130434782608,0,0.065217391,0.086956522,0,0.043478260869565216,0.7608695652173914,0,0,0,0,0,0.043478260869565216,0.9565217391304348,0.1956521739130435,13.91891891891892,0.15217391304347827,12.948717948717949,0.5869565217391305,0.9347826086956522,8,3,0,1,0,0.6304347826086957,0.043478260869565216,0.30434782608695654,0.086956522,0.1956521739130435,0.17391304347826086,0.391304348,0.086956522,0.9565217391304348,0.021739130434782608,Metaled,5,0.5652173913043478,0.9347826086956522,0.065217391,0.2826086956521739,0,0.2608695652173913,13.647058823529411,0.021739130434782608,18.244444444444444,0.021739130434782608,13.8,0.10869565217391304,12.487804878048781,0.2826086956521739,12.181818181818182,0.7391304347826086,21.166666666666668,0.2608695652173913,19.764705882352942,0.086956522,13.952380952380953,0.021739130434782608,13.977777777777778,0.086956522,14.380952380952381,0.1956521739130435,13.243243243243244,0.8913043478260869,20.2,0.41304347826086957,15.148148148148149,0.17391304347826086,17.63157894736842,0.8478260869565217,22.285714285714285,0.391304348,14265,0.5869565217391305,15189,0.45652173913043476,0.2391304347826087,0,0.2391304347826087,0.021739130434782608,0.2608695652173913,0,0.065217391,0,0,0,0.043478260869565216,0.043478260869565216,0.6956521739130435,0.15217391304347827,12.461538461538462,0.2391304347826087,14.4,0.17391304347826086,12.078947368421053,0.17391304347826086,12.473684210526315,0.021739130434782608,0,0,0,0.9782608695652174,0.043478260869565216,0,0,0,0.9565217391304348,0,0,0.021739130434782608,0,0.9782608695652174,2,1,2,0,2,2,2,0,2,0,0,0,0,0,46,2,0.30434782608695654,0.086956522,0.6086956521739131,0,0.30434782608695654,0.4782608695652174,0.021739130434782608,0.1956521739130435,0.8913043478260869,0.086956522,0.021739130434782608,0.043478260869565216,0.9565217391304348
HARIPUR DISTRICT,KHYBER PAKHTUNKHWA,HAZARA DIVISION,0.8784530386740331,0.008287293,0.066298343,0,0.046961326,1308,0.9913294797687862,0,0.060693642,0.017341040462427744,0.9219653179190751,0.017341040462427744,0.18786127167630057,0.22254335260115607,0.13583815028901733,0.011560693641618497,0.1907514450867052,0.10404624277456648,0.098265896,0.8208092485549133,0,0.011560693641618497,0.10982658959537572,115,100,98410,0,0,0,1,165.95664739884393,0.031884058,0.9942028985507246,5.5,0.5014492753623189,0.43478260869565216,0.008695652,0.002898551,0.023188406,0.4260869565217391,0.008695652,0.27246376811594203,0.011594202898550725,0.020289855072463767,3.110144927536232,3.698550724637681,0.17681159420289855,13.859154929577464,0.17971014492753623,11.50530035335689,0.12173913043478261,12.910891089108912,0.04057971,22.12084592145015,0.072463768,19.86875,0.11594202898550725,18.74098360655738,0.15072463768115943,15.709897610921502,0.20869565217391303,16.084249084249084,0.9246376811594202,4.269230769230769,0.41739130434782606,7.109452736318408,0.28405797101449276,8.582995951417004,0.023188406,22.10385756676558,0.020289855072463767,25.866863905325445,0.2289855072463768,21.853383458646615,0.863768116,6.127659574468085,0.37971014492753624,8.630841121495328,0.20579710144927535,14.5,0.026086957,22.392857142857142,0.008695652,25.59064327,0.18840579710144928,21.882142857142856,0.15072463768115943,0.008695652,0.031884058,0.026086957,0.005797101,0.005797101,0.8434782608695652,0,0,0,0,0,0.002898551,0.9971014492753624,0.089855072,13.394904458598726,0.089855072,22.812101910828027,0.2,0.6840579710144927,267,159,28,1,0,0.22254335260115607,0.014450867052023121,0.2745664739884393,0.005780347,0.6329479768786127,0.18786127167630057,0.26878612716763006,0.1069364161849711,0.9219653179190751,0.031791907514450865,Metaled,6.930232558139535,0.5635838150289018,0.9421965317919075,0.24855491329479767,0.24566473988439305,0.017341040462427744,0.11849710982658959,19.39344262295082,0.011560693641618497,35.494152046783626,0.014450867052023121,24.967741935483872,0.060693642,24.16,0.13583815028901733,19.11371237458194,0.7803468208092486,11.407894736842104,0.098265896,21.849358974358974,0.014450867052023121,26.222873900293255,0.069364162,24.599378881987576,0.069364162,23.220496894409937,0.1531791907514451,22.75085324232082,0.9219653179190751,23.37037037037037,0.3786127167630058,26.474418604651163,0.2745664739884393,24.139442231075698,0.8641618497109826,22.72340425531915,0.13005780346820808,12633,0.092485549,6190,0.034682081,0.00867052,0.00867052,0.005780347,0.014450867052023121,0.7159420289855073,0.008695652,0.463768116,0.017391304347826087,0.026086957,0.026086957,0.026086957,0.023188406,0.2492753623188406,0.063583815,20.311728395061728,0.21098265895953758,17.21978021978022,0.1907514450867052,11.05,0.072254335,11.651090342679128,0.026011561,0.020231214,0.00867052,0.014450867052023121,0.9450867052023122,0.017341040462427744,0.005780347,0.005780347,0.002890173,0.9710982658959537,0.014450867052023121,0.00867052,0.034682081,0.011560693641618497,0.9364161849710982,2,2,2,0,2,2,2,0,0,0,0,0,0,0,352,3,0.30434782608695654,0.043478260869565216,0.6492753623188405,0.002898551,0.34782608695652173,0.4028985507246377,0.008695652,0.24057971014492754,0.9681159420289855,0.017391304347826087,0.014492753623188406,0.098550725,0.9014492753623189
KARAK DISTRICT,KHYBER PAKHTUNKHWA,KOHAT DIVISION,0.9568965517241379,0,0.025862069,0.00862069,0.00862069,617,0.9913793103448276,0,0,0,0.21551724137931033,0.068965517,0.00862069,0.00862069,0.017241379310344827,0.00862069,0.043103448,0,0.00862069,0.9568965517241379,0,0.025862069,0,0,0,0,0,0,0,1,189.81034482758622,0.069565217,0.8,5.608695652173913,0.13043478260869565,0.6869565217391305,0,0,0.034782608695652174,0.26956521739130435,0,0.043478260869565216,0.16521739130434782,0.086956522,3.8521739130434782,3.965217391304348,0.1826086956521739,12.73404255319149,0.23478260869565218,13.818181818181818,0.1391304347826087,12.727272727272727,0.052173913,18.71559633027523,0.20869565217391303,14.648351648351648,0.2,12.73913043478261,0.12173913043478261,13.118811881188119,0.22807017543859648,14.568181818181818,0.9391304347826087,5.857142857142857,0.6,4.913043478260869,0.41739130434782606,8.671641791044776,0.086956522,17.457142857142856,0.043478260869565216,31.98181818181818,0.6869565217391305,9.222222222222221,0.8347826086956521,5.2105263157894735,0.46956521739130436,6.032786885245901,0.30434782608695654,9.375,0.060869565,18.5,0.069565217,32.06542056074766,0.5478260869565217,8.230769231,0.034782608695652174,0,0.017391304347826087,0.008695652,0,0,0.9565217391304348,0,0,0,0,0,0,1,0.18421052631578946,12.397849462365592,0.2631578947368421,11.607142857142858,0.3565217391304348,0.7391304347826086,125,48,2,2,0,0.6956521739130435,0,0.25217391304347825,0,0.2,0.3826086956521739,0.1391304347826087,0.008695652,0.9217391304347826,0.017391304347826087,Metaled,5.714285714285714,0.7478260869565218,0.7304347826086957,0.008695652,0.41739130434782606,0.026086957,0.2,12.706521739130435,0.008695652,61.00877192982456,0,85.43478260869566,0.1826086956521739,20.46808510638298,0.3652173913043478,12.58904109589041,0.8,9.782608695652174,0.1565217391304348,28.309278350515463,0.10434782608695652,15.96116504854369,0.095652174,20.125,0.10434782608695652,19.446601941747574,0.1826086956521739,13.893617021276595,0.9739130434782609,4,0.2,14.184782608695652,0.060869565,33.888888888888886,0.9826086956521739,4.5,0.4051724137931034,37316,0.31896551724137934,9279,0.46551724137931033,0.45689655172413796,0,0,0.034482758620689655,0.7391304347826086,0.017391304347826087,0.043478260869565216,0,0,0,0,0.017391304347826087,0.2956521739130435,0.2,13.684782608695652,0.30434782608695654,15.7375,0.22608695652173913,10.191011235955056,0.13043478260869565,10.7,0.008695652,0.026086957,0,0,0.9739130434782609,0,0,0,0,1,0,0,0.034782608695652174,0.017391304347826087,0.9478260869565217,2,2,2,0,2,2,2,0,0,0,0,0,0,0,115,3,0.10434782608695652,0.1826086956521739,0.7043478260869566,0.008695652,0.11304347826086956,0.052173913,0.017391304347826087,0.8173913043478261,0.9304347826086956,0,0.069565217,0.3508771929824561,0.6491228070175439
KOHAT DISTRICT,KHYBER PAKHTUNKHWA,KOHAT DIVISION,0.8947368421052632,0.052631579,0.037593985,0.007518797,0.007518797,536,0.9621212121212122,0.015151515151515152,0.015151515151515152,0.045454545454545456,0.3560606060606061,0.007575758,0.21212121212121213,0.30303030303030304,0.21212121212121213,0,0.23484848484848486,0.1590909090909091,0.17424242424242425,0.7272727272727273,0.015151515151515152,0.015151515151515152,0.14285714285714285,33,29,25031,0,0,0,1,132.10526315789474,0.097744361,0.7878787878787878,4,0.3157894736842105,0.6390977443609023,0.007518797,0,0.052631579,0.46616541353383456,0.07518797,0.097744361,0.13533834586466165,0.037593985,3.225563909774436,3.744360902255639,0.1893939393939394,14.532710280373832,0.25,14.767676767676768,0.17424242424242425,13.880733944954128,0.030303030303030304,17.59375,0.10606060606060606,16.68644068,0.14393939393939395,16.911504424778762,0.21212121212121213,14.298076923076923,0.29545454545454547,15.03225806451613,0.9393939393939394,11.75,0.6136363636363636,9.431372549019608,0.4015151515151515,10.759493670886076,0.053030303,25.36,0.030303030303030304,31.2734375,0.5303030303030303,19.548387096774192,0.8257575757575758,13.652173913043478,0.4772727272727273,9.797101449275363,0.25,13.717171717171718,0.053030303,28.272,0.030303030303030304,30.6796875,0.38636363636363635,17.40740740740741,0.16541353383458646,0,0.082706767,0.10526315789473684,0,0.007518797,0.7669172932330827,0,0,0,0,0,0,1,0.12781954887218044,17.301724137931036,0.20300751879699247,18.79245283018868,0.2781954887218045,0.9022556390977443,26,29,3,1,0,0.48872180451127817,0.007518797,0.12030075187969924,0,0.48120300751879697,0.1893939393939394,0.17424242424242425,0.053030303,0.9166666666666666,0.022727272727272728,Metaled,10.705882352941176,0.518796992,0.7593984962406015,0.12030075187969924,0.22556390977443608,0.082706767,0.097744361,17.925,0.045112781954887216,35.039370078740156,0.037593985,30.0625,0.090225564,22.223140495867767,0.21052631578947367,16.19047619047619,0.7518796992481203,16.606060606060606,0.12030075187969924,25.64957264957265,0.052631579,19.42063492063492,0.037878788,28.62204724409449,0.060606061,22.016129032258064,0.16666666666666666,18.472727272727273,0.8863636363636364,16.266666666666666,0.25,18.98989898989899,0.14393939393939395,26.858407079646017,0.8181818181818182,15.875,0.3533834586466165,35979,0.15037593984962405,2890,0.21804511278195488,0.15789473684210525,0,0.007518797,0.060150376,0.46616541353383456,0,0.21804511278195488,0,0,0,0,0.007518797,0.5789473684210527,0.07518797,22.18699187,0.2857142857142857,20.25263157894737,0.2556390977443609,12.626262626262626,0.15037593984962405,12.858407079646017,0.022556390977443608,0.007518797,0.015037593984962405,0,0.9548872180451128,0.015037593984962405,0,0,0,0.9849624060150376,0.015037593984962405,0,0.007518797,0.007518797,0.9699248120300752,2,2,0,0,2,2,2,0,0,0,0,0,0,0,133,2,0.14285714285714285,0.17293233082706766,0.6691729323308271,0.015037593984962405,0.37593984962406013,0.16541353383458646,0,0.45864661654135336,0.9022556390977443,0.060150376,0.037593985,0.090225564,0.9097744360902256
LAKKI MARWAT DISTRICT,KHYBER PAKHTUNKHWA,BANNU DIVISION,0.930379747,0,0.063291139,0,0.006329114,350,1,0.14556962025316456,0.006329114,0.044303797,0.44936708860759494,0.22784810126582278,0.12658227848101267,0.31645569620253167,0.27848101265822783,0.025316456,0.4620253164556962,0.11392405063291139,0,0.6265822784810127,0.082278481,0.012658227848101266,0.025316456,8,6,3700,0,0,0,1,340.5379746835443,0,0.9490445859872612,11,0.3885350318471338,0.7261146496815286,0.01910828,0,0.044585987261146494,0.038216561,0.012738853503184714,0.012738853503184714,0.15286624203821655,0.01910828,3.789808917197452,3.9426751592356686,0.21019108280254778,9.508064516129032,0.20382165605095542,9.272,0.12738853503184713,10.83941605839416,0.063694268,12.857142857142858,0.17197452229299362,11.86923076923077,0.095541401,11.549295774647888,0.20382165605095542,10.664,0.12101910828025478,10.376811594202898,0.9617834394904459,4.333333333333333,0.5605095541401274,6.521739130434782,0.3885350318471338,7.291666666666667,0.057324841,12.695945945945946,0.044585987261146494,15.893333333333333,0.6496815286624203,8.690909090909091,0.821656051,6.678571428571429,0.39490445859872614,7.684210526315789,0.20382165605095542,12.952,0.038216561,16.56291390728477,0.01910828,17.863636363636363,0.3248407643312102,12.650943396226415,0.050955414012738856,0.006369427,0.050955414012738856,0.057324841,0.044585987261146494,0.006369427,0.9363057324840764,0,0,0,0,0,0,1,0.1592356687898089,10.613636363636363,0.18471337579617833,10.8125,0.21019108280254778,0.8535031847133758,117,110,80,1,0,0.8280254777070064,0.012738853503184714,0.025477707006369428,0,0.15286624203821655,0.012738853503184714,0.044585987261146494,0.01910828,0.9936305732484076,0.006369427,Metaled,5.607843137254902,0.5605095541401274,0.8726114649681529,0.01910828,0.3248407643312102,0.095541401,0.082802548,13.034722222222221,0.01910828,24.7012987,0.01910828,19.461038961038962,0.076433121,15.889655172413793,0.49044585987261147,10.0125,0.7197452229299363,9.590909090909092,0.12738853503184713,33.503649635036496,0.070063694,11.753424657534246,0.1592356687898089,13.106060606060606,0.082802548,15.25,0.17834394904458598,13.023255813953488,0.7388535031847133,10.195121951219512,0.1464968152866242,15.58955223880597,0.063694268,17.918367346938776,0.6942675159235668,12.854166666666666,0.070063694,4957,0.031847134,96,0.3375796178343949,0.17834394904458598,0.01910828,0.070063694,0.095541401,0.8407643312101911,0,0.031847134,0,0.006369427,0,0,0,0.24203821656050956,0.038216561,14.933774834437086,0.14012738853503184,14.148148148148149,0.16560509554140126,9.778625954198473,0.12738853503184713,9.897810218978103,0.031847134,0.044585987261146494,0.006369427,0,0.9299363057324841,0.031847134,0.012738853503184714,0,0,0.9554140127388535,0.012738853503184714,0,0.006369427,0.012738853503184714,0.9681528662420382,2,1,2,0,2,0,2,0,0,0,0,0,0,0,158,2,0.031847134,0.1337579617834395,0.8343949044585988,0,0.17197452229299362,0.012738853503184714,0.031847134,0.7834394904458599,1,0,0,0.089171975,0.910828025
LOWER DIR DISTRICT,KHYBER PAKHTUNKHWA,MALAKAND DIVISION,0.9748134328358209,0.006529851,0.018656716417910446,0,0,1728,0.9720149253731343,0.18470149253731344,0.002798507,0.013992537313432836,0.8833955223880597,0.011194029850746268,0.11194029850746269,0.19776119402985073,0.049440298507462684,0.049440298507462684,0.18563432835820895,0.3208955223880597,0.21735074626865672,0.8796641791044776,0.000932836,0.005597015,0.016791044776119403,24,15,12552,0,0,0,1,142.61847014925374,0.059701493,0.9841417910447762,1.8823529411764706,0.17630597014925373,0.31529850746268656,0.003731343,0.002798507,0.013992537313432836,0.6352611940298507,0.020522388059701493,0.6138059701492538,0.003731343,0.007462687,3.4430970149253732,3.7583955223880596,0.08488806,11.358817533129459,0.069962687,7.863590772316951,0.047574627,12.121449559255632,0.092350746,18.1294964,0.056902985,11.349159248269041,0.056902985,11.411473788328388,0.069962687,8.870611836,0.1958955223880597,11.110208816705336,0.628731343,2.4849246231155777,0.1958955223880597,4.332946635730859,0.13059701492537312,5.553648068669528,0.013992537313432836,15.151371807000945,0.020522388059701493,21.60952380952381,0.498134328,7.646840148698884,0.46548507462686567,3.5532286212914483,0.16417910447761194,5.620535714285714,0.097947761,7.901758014477767,0.018656716417910446,18.69106463878327,0.024253731343283583,27.722753346080307,0.4281716417910448,8.265905383360522,0.076492537,0.001865672,0.022388059701492536,0.027985074626865673,0.005597015,0.000932836,0.9132462686567164,0.000932836,0,0,0.002798507,0.000932836,0.001865672,0.9934701492537313,0.061567164179104475,8.029821073558647,0.15578358208955223,7.786740331491712,0.40951492537313433,0.8274253731343284,446,78,9,1,0,0.6725746268656716,0,0.1296641791044776,0.005597015,0.291044776,0.032987747,0.4571159283694628,0.021677662582469368,0.9877474081055608,0.021677662582469368,Metaled,7.689277899343545,0.8656716417910447,0.7490671641791045,0.041977612,0.2966417910447761,0.038246269,0.15391791044776118,8.278941565600881,0.044776119,37.91113281,0.028917910447761194,21.63496637848223,0.022388059701492536,15.71851145038168,0.10074626865671642,9.234439834024895,0.7416044776119403,8.819494584837544,0.20522388059701493,31.684272300469484,0.011194029850746268,24.90188679245283,0.038246269,22.60329776915616,0.050373134,20.858546168958743,0.0625,15.562189054726367,0.9505597014925373,12.49056603773585,0.23880597014925373,10.39950980392157,0.10261194029850747,17.344074844074843,0.9347014925373134,13.17142857142857,0.069029851,5757,0.1259328358208955,33101,0.44029850746268656,0.27238805970149255,0.023320896,0.310634328,0.004664179,0.19402985074626866,0,0.13432835820895522,0.009328358,0.005597015,0.005597015,0.04011194,0.017723880597014924,0.7220149253731343,0.036380597014925374,17.360116166505325,0.5345149253731343,12.793587174348698,0.067164179,7.846,0.083955224,7.398167006,0.026119402985074626,0.20149253731343283,0.09608209,0.003731343,0.7014925373134329,0.007462687,0.064365672,0.048507462686567165,0.000932836,0.8889925373134329,0,0.001865672,0.007462687,0.14925373134328357,0.8470149253731343,2,2,2,0,2,2,2,0,0,0,0,0,0,0,1017,4,0.041977612,0.17164179104477612,0.7845149253731343,0.001865672,0.11007462686567164,0.19869402985074627,0.004664179,0.6865671641791045,0.9402985074626866,0.049440298507462684,0.010261194029850746,0.083022388,0.9169776119402985
MALAKAND PROTECTED AREA,KHYBER PAKHTUNKHWA,MALAKAND DIVISION,1,0,0,0,0,173,0.95,0.3,0,0.35,0.8,0,0.7,0.65,0.55,0.2,0.8,0.25,0,0.9,0,0,0,0,0,0,0,0,0,1,80.25,0.1,1,0,0.95,0.75,0.05,0,0.05,0.85,0,0.05,0,0,2.3,3.45,0.8,3.5,0.85,19,0.6,12.5,0.3,12.142857142857142,0.6,6.75,0.6,12.875,0.8,3.25,0.35,10.384615384615385,1,0,0.85,2.6666666666666665,0.85,4.666666666666667,0.25,6.533333333333333,0.05,13.31578947368421,1,0,1,0,0.9,2.5,0.8,4.25,0.35,9.923076923076923,0.15,13.705882352941176,1,0,0.2,0,0.2,0.05,0,0,0.8,0,0,0,0,0,0,1,0.8,3.75,0.7,4.833333333333333,0.3,0.25,90,16,1,1,0,0.95,0,0.9,0,0.05,0.8,0.45,0.7,0.95,0.2,Metaled,2,0.85,1,0.6,1,0,0.55,5.444444444444445,0.05,20.36842105263158,0.1,12.777777777777779,0.15,12.411764705882353,0.85,3.6666666666666665,0.95,3,0.3,11.714285714285714,0,12.8,0.1,15.61111111111111,0.05,11.31578947368421,0.85,30.333333333333332,1,0,0.95,4,0.85,30.333333333333332,0.95,15,0,0,0,0,0.05,0,0,0,0.05,0.6,0,0.25,0,0.05,0,0,0.1,0.1,0.4,9.333333333333334,0.55,11.444444444444445,0.65,4.285714285714286,0.65,3.4285714285714284,0.1,0.05,0.2,0.05,0.7,0.05,0.05,0,0,0.9,0,0,0.55,0.05,0.4,2,1,2,0,2,2,2,2,0,0,0,0,0,0,20,3,0.35,0.05,0.6,0,0.25,0.7,0,0.05,0.9,0.1,0,0,1
MANSEHRA DISTRICT,KHYBER PAKHTUNKHWA,HAZARA DIVISION,0.9481865284974094,0.005181347,0.03626943,0,0.010362694300518135,1635,0.9109947643979057,0.070680628,0,0.002617801,0.9659685863874345,0.013089005235602094,0.036649215,0.2094240837696335,0.078534031,0.02617801,0.010471204188481676,0.15706806282722513,0.028795811518324606,0.9476439790575916,0,0,0.047120419,38,31,22920,0,0,0,1,132.67277486910996,0.044502618,0.9790575916230366,7.5,0.4162303664921466,0.3089005235602094,0.010471204188481676,0.002617801,0.020942408376963352,0.5837696335078534,0.018324607,0.5104712041884817,0.010471204188481676,0.02617801,3.5392670157068062,3.787958115183246,0.17539267015706805,7.946031746031746,0.18848167539267016,6.929032258064516,0.10732984293193717,7.815249267,0.052356021,14.096685082872929,0.086387435,10.297994269340974,0.10209424083769633,11.594752186588922,0.15968586387434555,9.177570093457945,0.1518324607329843,11.444444444444445,0.9476439790575916,3.05,0.5130890052356021,4.720430107526882,0.2905759162303665,6.011070110701107,0.02617801,16.841397849462364,0.018324607,22.861333333333334,0.39528795811518325,9.307359307359308,0.8926701570680629,4.365853658536586,0.43455497382198954,5.5092592592592595,0.18586387434554974,6.993569131832797,0.023560209,18.203753351206434,0.015706806282722512,22.99468085106383,0.27225130890052357,11.136690647482014,0.020942408376963352,0,0.010471204188481676,0.013089005235602094,0.002617801,0,0.9659685863874345,0,0,0,0,0,0,1,0.1099476439790576,9.741176470588234,0.091623037,11.043227665706052,0.068062827,0.5732984293193717,877,61,52,1,0,0.112565445,0,0.11780104712041885,0.007853403,0.806282723,0.044973545,0.34656084656084657,0.079365079,0.9735449735449735,0.031746031746031744,Metaled,5.140350877192983,0.49476439790575916,0.9057591623036649,0.14397905759162305,0.3403141361256545,0.02617801,0.14659685863874344,9.699386503067485,0.010471204188481676,45.74603174603175,0.049738219895287955,25.016528925619834,0.02617801,19.876344086021504,0.078534031,12.448863636363637,0.756544503,7.225806451612903,0.14397905759162305,17.140672782874617,0.013089005235602094,21.06366047745358,0.015706806282722512,23.247340425531913,0.018324607,22.973333333333333,0.13612565445026178,12.99090909090909,0.9450261780104712,10.523809523809524,0.3219895287958115,14.436293436293436,0.19633507853403143,15.91856678,0.9345549738219895,10.28,0.1099476439790576,109540,0.14136125654450263,49171,0.010471204188481676,0.010471204188481676,0,0.002617801,0,0.7303664921465969,0.047120419,0.031413612565445025,0.005235602,0.002617801,0.002617801,0.052356021,0.010471204188481676,0.24607329842931938,0.062827225,12.78491620111732,0.22251308900523561,11.518518518518519,0.21465968586387435,7.68,0.070680628,9.301408450704225,0.018324607,0.028795811518324606,0.013089005235602094,0.005235602,0.9502617801047121,0.015706806282722512,0.015706806282722512,0.007853403,0,0.9685863874345549,0.005235602,0.002617801,0.002617801,0.005235602,0.9895287958115183,2,1,2,0,2,2,2,0,0,0,0,0,0,0,381,5,0.24083769633507854,0.049738219895287955,0.7068062827225131,0.002617801,0.2094240837696335,0.32722513089005234,0.013089005235602094,0.45026178,0.9554973821989529,0.018324607,0.02617801,0.091623037,0.9083769633507853
MARDAN DISTRICT,KHYBER PAKHTUNKHWA,MARDAN DIVISION,0.88125,0.01875,0.09375,0,0.00625,890,0.9622641509433962,0.22641509433962265,0,0.7924528301886793,0.949685535,0.012578616352201259,0.4339622641509434,0.7044025157232704,0.8427672955974843,0.018867924528301886,0.4591194968553459,0.1069182389937107,0.025157232704402517,0.4528301886792453,0.050314465408805034,0.012578616352201259,0.55625,864,371,159557,0,0,0,1,91.65625,0.14375,0.98125,11,0.16875,0.9625,0.0375,0,0.11875,0.375,0.00625,0.04375,0.00625,0.00625,2.28125,2.98125,0.29375,5.398230088495575,0.3625,4.852941176470588,0.28125,5.713043478,0.125,7.771428571428571,0.275,6.336206896551724,0.2625,6.279661016949152,0.275,5.586206896551724,0.4125,5.9361702127659575,0.95,4.5,0.7625,3.3947368421052633,0.55,4.041666666666667,0.1125,7.295774647887324,0.05625,9.291390728476822,0.68125,7.372549019607843,0.93125,5.090909090909091,0.725,3.8863636363636362,0.44375,5.550561797752809,0.08125,10.122448979591837,0.03125,16.84516129032258,0.65625,7.054545454545455,0.1375,0.0375,0.0625,0.05625,0.00625,0.00625,0.85,0.00625,0.00625,0,0.00625,0,0,0.9875,0.16875,6.842105263157895,0.41875,6.913978494623656,0.24375,0.425,327,168,34,1,0,0.66875,0.01875,0.39375,0.0125,0.21875,0.30625,0.31875,0.125,0.90625,0.05625,Metaled,5.125,0.6375,0.9375,0.1125,0.38125,0.0125,0.45625,5.781609195402299,0.04375,24.176470588235293,0.05,19.30921052631579,0.18125,9.809160305,0.5625,4.785714285714286,0.80625,6.193548387096774,0.24375,9.702479338842975,0.1375,12.007246376811594,0.15625,7.785185185185185,0.09375,7.365517241,0.21875,7.616,0.48125,8.012048192771084,0.88125,7.473684210526316,0.16875,8.323308270676693,0.51875,7.987012987012987,0.075,19853,0.04375,542,0.11875,0.0125,0.01875,0.09375,0.025,0.925,0.0375,0.84375,0.05625,0.05,0.0875,0.05625,0.025,0.1625,0.16875,7.62406015,0.30625,7.882882882882883,0.4375,5.2,0.33125,5.093457943925234,0.04375,0.0375,0,0,0.91875,0.025,0,0,0,0.975,0.00625,0.06875,0.1875,0.04375,0.7125,2,1,2,0,2,2,2,2,0,0,0,0,0,0,158,5,0.325,0.05,0.61875,0.00625,0.40625,0.45,0.00625,0.1375,0.85625,0.0875,0.05625,0.05625,0.94375
NOWSHERA DISTRICT,KHYBER PAKHTUNKHWA,PESHAWAR DIVISION,0.8235294117647058,0.014705882352941176,0.051470588235294115,0.014705882352941176,0.095588235,310,0.959349593,0.024390243902439025,0.008130081,0.3008130081300813,0.6585365853658537,0.008130081,0.36585365853658536,0.4715447154471545,0.4715447154471545,0.073170732,0.4878048780487805,0.040650407,0.048780488,0.45528455284552843,0.13008130081300814,0.008130081,0.3088235294117647,120,80,75300,0,0,0,1,113.5220588235294,0.096774194,0.9758064516129032,2,0.31451612903225806,0.7903225806451613,0.12096774193548387,0.008064516,0.040322581,0.3467741935483871,0.024193548387096774,0.056451612903225805,0,0,2.185483870967742,3.314516129032258,0.27419354838709675,7.277777777777778,0.31451612903225806,6.152941176470589,0.28225806451612906,7,0.080645161,7.833333333333333,0.20967741935483872,7.663265306122449,0.18548387096774194,8.821782178217822,0.2661290322580645,8.923076923076923,0.3467741935483871,7.3580246913580245,0.9354838709677419,4.625,0.6532258064516129,4.046511627906977,0.4838709677419355,10.34375,0.088709677,9.654867256637168,0.048387097,16.02542372881356,0.6370967741935484,8.088888888888889,0.9032258064516129,5.166666666666667,0.5645161290322581,4.666666666666667,0.4112903225806452,6.657534246575342,0.064516129,11.129310344827585,0.080645161,16.42982456140351,0.5806451612903226,8.75,0.11290322580645161,0,0.016129032258064516,0.032258065,0.008064516,0.008064516,0.8790322580645161,0,0,0,0,0,0,1,0.1532258064516129,9.733333333333333,0.27419354838709675,8.533333333333333,0.20161290322580644,0.5725806451612904,147,102,17,1,0,0.6370967741935484,0.024193548387096774,0.4435483870967742,0.016129032258064516,0.1532258064516129,0.6048387096774194,0.22580645161290322,0.080645161,0.7419354838709677,0.008064516,Metaled,8.428571428571429,0.5564516129032258,0.9274193548387096,0.25806451612903225,0.532258065,0.016129032258064516,0.28225806451612906,7.752808988764045,0.064516129,12.10344827586207,0.31451612903225806,10.058823529411764,0.088709677,10.265486725663717,0.3790322580645161,7.974025974025974,0.8629032258064516,11.176470588235293,0.25,9.408602150537634,0.056451612903225805,10.965811965811966,0.11290322580645161,11.99090909090909,0.12096774193548387,12.541284403669724,0.33064516129032256,10.156626506024097,0.8387096774193549,10.35,0.4435483870967742,12.623188405797102,0.29838709677419356,11.367816091954023,0.8387096774193549,9.35,0.13709677419354838,11036,0.1693548387096774,21219,0.12903225806451613,0.008064516,0.080645161,0.048387097,0,0.6129032258064516,0.14516129032258066,0.2903225806451613,0,0.032258065,0.008064516,0.040322581,0.072580645,0.25,0.11290322580645161,8.827272727272728,0.20161290322580644,10.232323232323232,0.18548387096774194,7.267326732673268,0.20967741935483872,6.8061224489795915,0.072580645,0.056451612903225805,0,0.008064516,0.8709677419354839,0.016129032258064516,0.016129032258064516,0,0.008064516,0.967741935,0.024193548387096774,0.056451612903225805,0.024193548387096774,0.016129032258064516,0.8870967741935484,2,2,2,0,2,2,2,2,0,0,0,0,0,0,136,3,0.3870967741935484,0.032258065,0.5725806451612904,0.008064516,0.5080645161290323,0.3387096774193548,0.008064516,0.14516129032258066,0.9032258064516129,0.064516129,0.032258065,0.064516129,0.9354838709677419
PESHAWAR DISTRICT,KHYBER PAKHTUNKHWA,PESHAWAR DIVISION,0.9045454545454545,0.022727272727272728,0.072727273,0,0,532,0.9772727272727273,0.031818181818181815,0.013636363636363636,0.5863636363636363,0.7727272727272727,0.009090909,0.1318181818181818,0.4318181818181818,0.7454545454545455,0.18181818181818182,0.19545454545454546,0.3,0,0.11818181818181818,0.031818181818181815,0.009090909,0.21818181818181817,427,129,86172,0,0,0,1,60.43181818181818,0.10909090909090909,0.9454545454545454,1.6666666666666667,0.32272727272727275,0.7772727272727272,0.022727272727272728,0,0.054545455,0.5181818181818182,0.054545455,0.018181818,0,0,2.5727272727272728,3.390909090909091,0.2590909090909091,4.723926380368098,0.2863636363636364,4.439490445859873,0.19545454545454546,5.322033898305085,0.1318181818181818,8.738219895287958,0.1590909090909091,7.72972973,0.4409090909090909,6.479674796747967,0.2636363636363636,6.154320987654321,0.31363636363636366,8.119205298013245,0.9227272727272727,2.1176470588235294,0.6227272727272727,3.325301204819277,0.36363636363636365,4.35,0.054545455,7.5625,0.031818181818181815,11.502347417840376,0.7727272727272727,4.92,0.85,2.1818181818181817,0.5318181818181819,3.5242718446601944,0.2727272727272727,4.7875,0.077272727,7.891625615763547,0.040909091,11.635071090047393,0.740909091,5.842105263157895,0.059090909,0.004545455,0.018181818,0.018181818,0.013636363636363636,0,0.9409090909090909,0,0,0,0,0,0,1,0.10454545454545454,7.096446700507614,0.38636363636363635,6.340740740740741,0.35454545454545455,0.6363636363636364,493,411,36,1,0,0.7363636363636363,0.027272727,0.4318181818181818,0.018181818,0.1590909090909091,0.7096774193548387,0.3640552995391705,0.11059907834101383,0.66359447,0.018433179723502304,Metaled,2.7857142857142856,0.8090909090909091,0.9318181818181818,0.17272727272727273,0.6227272727272727,0.004545455,0.4590909090909091,6.5210084033613445,0.090909091,13.37,0.05,12.84688995215311,0.12727272727272726,9.8125,0.38636363636363635,5.659259259259259,0.7318181818181818,5.067796610169491,0.32272727272727275,7.261744966442953,0.11818181818181818,7.268041237113402,0.063636364,12.135922330097088,0.11818181818181818,12.097938144329897,0.5318181818181819,6.359223300970874,0.9454545454545454,7.416666666666667,0.5227272727272727,7.20952381,0.31363636363636366,8.642384105960264,0.9590909090909091,11.11111111111111,0.040909091,304,0.022727272727272728,512,0.10909090909090909,0.018181818,0.072727273,0.018181818,0.022727272727272728,0.5454545454545454,0.013636363636363636,0.1,0.009090909,0,0,0.027272727,0.12727272727272726,0.36818181818181817,0.11363636363636363,8.728205128205127,0.30454545454545456,9.679738562091503,0.2590909090909091,4.460122699386503,0.31363636363636366,4.225165562913907,0.05,0.022727272727272728,0,0.004545455,0.9363636363636364,0.031818181818181815,0.004545455,0,0,0.9681818181818181,0.018181818,0.027272727,0.081818182,0.027272727,0.8636363636363636,2,1,2,0,2,2,2,2,0,0,0,0,0,0,218,4,0.15,0.040909091,0.8045454545454546,0.004545455,0.6227272727272727,0.21818181818181817,0.009090909,0.15,0.8909090909090909,0.081818182,0.027272727,0.040909091,0.9590909090909091
SHANGLA DISTRICT,KHYBER PAKHTUNKHWA,MALAKAND DIVISION,1,0,0,0,0,827,0.8558558558558559,0.36036036036036034,0,0.063063063,0.8288288288288288,0.10810810810810811,0.054054054,0.13513513513513514,0,0.054054054,0.018018018018018018,0.4774774774774775,0.4144144144144144,0.8108108108108109,0.045045045,0.009009009,0,0,0,0,0,0,0,1,180.0900900900901,0.15315315315315314,0.972972973,10.666666666666666,0.42342342342342343,0.25225225225225223,0.009009009,0,0.045045045,0.23423423423423423,0.22522522522522523,0.8918918918918919,0.018018018018018018,0.018018018018018018,3.6486486486486487,3.7117117117117115,0.2072072072072072,21.420454545454547,0.22522522522522523,10.94186046511628,0.14414414414414414,13.557894736842105,0.12612612612612611,32.649484536082475,0.14414414414414414,20.05263157894737,0.13513513513513514,17.302083333333332,0.2702702702702703,9.691358024691358,0.23423423423423423,28.67058823529412,0.9279279279279279,3.125,0.6396396396396397,5.175,0.4144144144144144,8.892307692307693,0.045045045,24.745283018867923,0.081081081,59.51960784313726,0.7477477477477478,13.964285714285714,0.7477477477477478,8.178571428571429,0.4144144144144144,9.169230769230769,0.13513513513513514,14.791666666666666,0.081081081,23.813725490196077,0.09009009,54.7029703,0.4594594594594595,20.483333333333334,0.036036036036036036,0,0,0.009009009,0,0,0.963963964,0,0,0,0,0,0,1,0.099099099,16.42,0.3963963963963964,12.791044776119403,0.44144144144144143,0.8918918918918919,20,20,5,2,0,0.5675675675675675,0.045045045,0.46846846846846846,0.10810810810810811,0.11711711711711711,0.027027027,0.5585585585585585,0.054054054,0.8288288288288288,0.036036036036036036,Unmetalled,12.529411764705882,0.8378378378378378,0.7657657657657657,0.09009009,0.1891891891891892,0.018018018018018018,0.4774774774774775,8.465517241,0.009009009,83.18181818181819,0.018018018018018018,58.53211009174312,0.054054054,36.86666666666667,0.3783783783783784,13.26086956521739,0.9369369369369369,15,0.6306306306306306,42.926829268292686,0.018018018018018018,73.43119266055047,0.045045045,71.74528301886792,0.045045045,70.5,0.10810810810810811,40.07070707070707,0.954954955,46,0.1891891891891892,32.7,0.099099099,50.75,0.954954955,48.2,0.027027027,936,0.027027027,1764,0.9819819819819819,0.072072072,0.11711711711711711,0.972972973,0,0.34234234234234234,0,0.009009009,0,0,0,0,0.009009009,0.6576576576576577,0.063063063,24.58653846153846,0.5585585585585585,15.571428571428571,0.2072072072072072,11.977272727272727,0.25225225225225223,7.9879518072289155,0.027027027,0.072072072,0.2882882882882883,0.009009009,0.6576576576576577,0.009009009,0.009009009,0.018018018018018018,0,0.972972973,0,0,0.027027027,0,0.972972973,2,2,2,0,2,2,2,0,0,0,0,0,0,0,110,3,0.009009009,0.054054054,0.8738738738738738,0.063063063,0.11711711711711711,0.14414414414414414,0,0.7387387387387387,0.8468468468468469,0.099099099,0.054054054,0.036036036036036036,0.963963964
SWABI DISTRICT,KHYBER PAKHTUNKHWA,MARDAN DIVISION,0.9705882352941176,0,0.029411764705882353,0,0,340,0.9852941176470589,0.1323529411764706,0.007352941,0.3897058823529412,0.9191176470588235,0.014705882352941176,0.16911764705882354,0.40441176470588236,0.4485294117647059,0.014705882352941176,0.47794117647058826,0.051470588235294115,0.125,0.7132352941176471,0,0.014705882352941176,0.11764705882352941,39,26,17350,0,0,0,1,108.51470588235294,0.036764706,0.9926470588235294,2,0.2647058823529412,0.6397058823529411,0,0,0.10294117647058823,0.4632352941176471,0.029411764705882353,0.23529411764705882,0.036764706,0.007352941,2.2794117647058822,3.3970588235294117,0.40441176470588236,9.666666666666666,0.39705882352941174,8.109756097560975,0.2426470588235294,9.077669902912621,0.1323529411764706,10.194915254237289,0.25,10.519607843137255,0.375,12.447058823529412,0.33088235294117646,10.934065934065934,0.33088235294117646,10.923076923076923,0.9705882352941176,3.75,0.7720588235294118,5.903225806451613,0.5955882352941176,7.509090909090909,0.10294117647058823,13.065573770491802,0.051470588235294115,17.80620155,0.8235294117647058,9.875,0.9558823529411765,3.8333333333333335,0.6176470588235294,6.403846153846154,0.4264705882352941,7.846153846153846,0.080882353,13.72,0.051470588235294115,17.976744186046513,0.7426470588235294,8.057142857142857,0.1323529411764706,0.014705882352941176,0.073529412,0.066176471,0.036764706,0,0.8529411764705882,0,0,0,0,0,0,1,0.2647058823529412,9.24,0.45588235294117646,10.702702702702704,0.34558823529411764,0.6764705882352942,187,57,40,1,0,0.6323529411764706,0,0.1323529411764706,0.029411764705882353,0.35294117647058826,0.11029411764705882,0.35294117647058826,0.022058823529411766,0.9264705882352942,0,Metaled,7.5,0.5955882352941176,0.8014705882352942,0.044117647,0.29411764705882354,0.1323529411764706,0.5514705882352942,13.62295081967213,0.036764706,20.35114503816794,0.029411764705882353,20.643939393939394,0.11029411764705882,17.74380165289256,0.4485294117647059,20.106666666666666,0.7941176470588235,13.714285714285714,0.2426470588235294,21.533980582524272,0.095588235,18.195121951219512,0.23529411764705882,19.740384615384617,0.16176470588235295,19.56140350877193,0.34558823529411764,14.640449438202246,0.7720588235294118,13.903225806451612,0.34558823529411764,18.146067415730336,0.23529411764705882,18.73076923076923,0.75,20.08823529411765,0.095588235,91072,0.10294117647058823,95580,0.066176471,0.014705882352941176,0.022058823529411766,0.014705882352941176,0.036764706,0.25735294117647056,0,0.20588235294117646,0,0.022058823529411766,0.007352941,0.036764706,0,0.625,0.17647058823529413,18.589285714285715,0.5808823529411765,19.017543859649123,0.35294117647058826,14.988636363636363,0.20588235294117646,11.925925925925926,0.036764706,0.058823529411764705,0.007352941,0.007352941,0.9117647058823529,0,0.007352941,0,0.007352941,0.9852941176470589,0.007352941,0,0.029411764705882353,0.014705882352941176,0.9485294117647058,2,1,2,0,2,2,2,0,0,0,0,0,0,0,136,4,0.4632352941176471,0.051470588235294115,0.4852941176470588,0,0.5735294117647058,0.23529411764705882,0,0.19117647058823528,0.9632352941176471,0.014705882352941176,0.022058823529411766,0.014705882352941176,0.9852941176470589
SWAT DISTRICT,KHYBER PAKHTUNKHWA,MALAKAND DIVISION,0.9725274725274725,0,0.027472527472527472,0,0,613,0.8296703296703297,0.4725274725274725,0,0,0.9285714285714286,0.016483516483516484,0.7142857142857143,0.8406593406593407,0.12637362637362637,0.2802197802197802,0.3131868131868132,0.5989010989010989,0.6538461538461539,0.7637362637362637,0.021978022,0.010989011,0.027472527472527472,8,5,8250,0,0,0,1,142.2912087912088,0.2802197802197802,1,0,0.5494505494505495,0.5604395604395604,0.010989011,0.005494505,0.076923077,0.5879120879120879,0.23076923076923078,0.6648351648351648,0.005494505,0,2.8626373626373627,3.598901098901099,0.23626373626373626,10.805755395683454,0.2692307692307692,9.218045112781954,0.15934065934065933,11.006535947712418,0.038461538461538464,20.18857142857143,0.098901099,12.628048780487806,0.3241758241758242,11.40650406504065,0.23626373626373626,10.949640287769784,0.087912088,13.837349397590362,1,0,0.7087912087912088,4.490566037735849,0.37362637362637363,5.675438596491228,0.010989011,16.966666666666665,0.043956044,23.195402298850574,0.6758241758241759,12.101694915254237,0.9340659340659341,8.083333333333334,0.4945054945054945,6.369565217391305,0.17032967032967034,9.178807947019868,0.010989011,16.738888888888887,0.016483516483516484,22.720670391061454,0.37362637362637363,17.17543859649123,0.093406593,0.021978022,0.087912088,0.082417582,0.010989011,0,0.8351648351648352,0,0,0,0,0.005494505,0,0.9945054945054945,0.18681318681318682,9.101351351,0.3791208791208791,8.371681415929203,0.4725274725274725,0.8076923076923077,28,33,34,1,0,0.5879120879120879,0,0.4725274725274725,0.010989011,0.2857142857142857,0.076923077,0.6483516483516484,0.35714285714285715,0.9945054945054945,0.038461538461538464,Metaled,6.903225806451613,0.7967032967032966,0.7967032967032966,0.27472527472527475,0.5879120879120879,0.038461538461538464,0.36813186813186816,8,0.043956044,28.666666666666668,0.038461538461538464,33.69714285714286,0.054945054945054944,26,0.3626373626373626,8.672413793103448,0.9065934065934066,7.823529411764706,0.3241758241758242,28.317073170731707,0.021978022,26.10674157303371,0.032967033,25.073863636363637,0.071428571,21.59171597633136,0.13186813186813187,12.50632911392405,0.9285714285714286,5.846153846153846,0.4340659340659341,13.650485436893204,0.27472527472527475,12.727272727272727,0.8956043956043956,7.578947368421052,0.18681318681318682,14548,0.1978021978021978,454445,0.15384615384615385,0,0.038461538461538464,0.13736263736263737,0,0.9505494505494505,0.12087912087912088,0.5054945054945055,0.005494505,0.016483516483516484,0,0.032967033,0.1813186813186813,0.027472527472527472,0.10989010989010989,15.179012345679013,0.4175824175824176,9.075471698113208,0.23076923076923078,8.214285714285714,0.2692307692307692,5.533834586466165,0.010989011,0.021978022,0.093406593,0.021978022,0.8626373626373627,0.005494505,0.016483516483516484,0,0,0.978021978,0,0.005494505,0.054945054945054944,0.016483516483516484,0.9340659340659341,2,1,2,0,2,2,2,2,0,0,0,0,0,0,182,7,0.1813186813186813,0.06043956,0.7582417582417582,0,0.23076923076923078,0.47802197802197804,0,0.29120879120879123,0.7197802197802198,0.2032967032967033,0.076923077,0.021978022,0.978021978
TANK DISTRICT,KHYBER PAKHTUNKHWA,DERA ISMAIL KHAN DIVISION,0.8372093023255814,0.011627906976744186,0.023255813953488372,0,0.12790697674418605,147,1,0.081395349,0,0.093023256,0.2441860465116279,0.5116279069767442,0,0.069767442,0.22093023255813954,0,0.093023256,0.13953488372093023,0,0.47674418604651164,0.5930232558139535,0.023255813953488372,0.011627906976744186,1,1,1000,0,0,0,1,595.2470588235294,0.063291139,0.5822784810126582,14,0.3333333333333333,0.2564102564102564,0,0,0,0.012820513,0.025641026,0.064102564,0.358974359,0.15384615384615385,3.5949367088607596,3.8227848101265822,0.18421052631578946,10.387096774193548,0.21052631578947367,9,0.13157894736842105,10.606060606060606,0.039473684210526314,13.520547945205479,0.052631579,11.61111111111111,0.052631579,13.694444444444445,0.27631578947368424,10.781818181818181,0.21052631578947367,12.633333333333333,0.9210526315789473,3.6666666666666665,0.4868421052631579,7.102564102564102,0.3026315789473684,7.773584905660377,0.026315789,13.864864864864865,0.039473684210526314,16.863013698630137,0.5,10.68421052631579,0.8421052631578947,5,0.27631578947368424,9.054545454545455,0.13157894736842105,10.272727272727273,0.026315789,15.608108108108109,0,17.144736842105264,0.3157894736842105,13.846153846153847,0.077922078,0,0.012987012987012988,0.025974025974025976,0,0,0.9090909090909091,0,0,0,0,0,0,1,0.2236842105263158,10.76271186440678,0.15789473684210525,12.46875,0.065789474,0.868421053,17,16,2,1,0,0.922077922,0.012987012987012988,0.012987012987012988,0,0.077922078,0.013333333333333334,0.08,0.026666667,1,0.026666667,Metaled,9.4,0.6883116883116883,0.6233766233766234,0,0.1038961038961039,0.22077922077922077,0.10526315789473684,14.308823529411764,0.013157894736842105,45.57333333333333,0.013157894736842105,36.77333333333333,0.065789474,14.52112676056338,0.21052631578947367,13.066666666666666,0.5526315789473685,10.058823529411764,0.078947368,34.15714285714286,0.052631579,15.208333333333334,0.065789474,15.901408450704226,0.013157894736842105,16.786666666666665,0.078947368,14.914285714285715,0.8552631578947368,18.181818181818183,0.10526315789473684,15.088235294117647,0.092105263,24.797101449275363,0.8157894736842105,15.857142857142858,0.039473684210526314,4120,0.026315789,425,0.42105263157894735,0.3026315789473684,0.065789474,0,0.078947368,0.8552631578947368,0.026315789,0.3026315789473684,0,0.013157894736842105,0,0.013157894736842105,0,0.10526315789473684,0.013157894736842105,18.14666666666667,0.052631579,16.47222222222222,0.14473684210526316,12.323076923076924,0.13157894736842105,9.984848484848484,0.012987012987012988,0.025974025974025976,0.012987012987012988,0,0.948051948,0.012987012987012988,0.012987012987012988,0.012987012987012988,0,0.961038961,0,0,0.012987012987012988,0.012987012987012988,0.974025974,2,2,2,0,2,2,2,0,0,0,0,0,0,0,86,1,0.038961039,0.36363636363636365,0.5974025974025974,0,0.15584415584415584,0.24675324675324675,0,0.5974025974025974,0.9367088607594937,0.050632911,0.012658227848101266,0.14285714285714285,0.8571428571428571
TORGHAR DISTRICT,KHYBER PAKHTUNKHWA,HAZARA DIVISION,0.975609756,0,0.024390243902439025,0,0,159,0.975609756,0.3170731707317073,0,0,1,0,0.048780488,0.17073170731707318,0.34146341463414637,0,0,0.097560976,0.024390243902439025,0.7804878048780488,0,0.024390243902439025,0.1951219512195122,50,37,27400,0,0,0,1,202.8048780487805,0,0.9512195121951219,6,0.6341463414634146,0,0,0,0.024390243902439025,0,0.12195121951219512,0.5853658536585366,0,0,3.7804878048780486,3.926829268292683,0.12195121951219512,18.333333333333332,0.1951219512195122,11.484848484848484,0.048780488,15.820512820512821,0.024390243902439025,32.525,0.048780488,25.641025641025642,0.073170732,23.31578947368421,0.1951219512195122,16.515151515151516,0.1951219512195122,22.848484848484848,0.926829268,4,0.2926829268292683,8.896551724,0.097560976,13.027027027027026,0,54.170731707317074,0,82.07317073170732,0.4146341463414634,16.625,0.43902439024390244,8.608695652173912,0.024390243902439025,22.675,0,37.048780487804876,0,61.68292682926829,0.024390243902439025,93.95,0.24390243902439024,29.258064516129032,0.024390243902439025,0,0,0,0,0,0.975609756,0,0,0,0,0,0,1,0.048780488,28.615384615384617,0.048780488,23.153846153846153,0.14634146341463414,0.926829268,64,90,68,4,0,0.7317073170731707,0.024390243902439025,0,0.21951219512195122,0.14634146341463414,0,0,0,1,0,Unmetalled,11.964285714285714,0.8536585365853658,0.12195121951219512,0,0.024390243902439025,0.097560976,0.097560976,14.08108108108108,0.048780488,127.66666666666667,0,104.48780487804878,0,73.46341463414635,0.073170732,17.31578947368421,0.7073170731707317,11.25,0.024390243902439025,75.4,0,70.24390244,0.024390243902439025,68.875,0,61.75609756097561,0,45.51219512195122,1,0,0,45.41463414634146,0,55.926829268292686,0.9512195121951219,35,0.3902439024390244,876,0.4146341463414634,6965,0.7073170731707317,0.024390243902439025,0,0.6585365853658537,0.024390243902439025,0,0,0,0,0,0,0,0,1,0.073170732,20.13157894736842,0.24390243902439024,19.258064516129032,0.048780488,17,0.24390243902439024,10.35483870967742,0,0.048780488,0.12195121951219512,0,0.8292682926829268,0,0,0,0,1,0,0,0,0.048780488,0.9512195121951219,2,1,2,0,2,2,2,0,0,0,0,0,0,0,41,1,0,0.7073170731707317,0.2926829268292683,0,0.073170732,0.097560976,0.024390243902439025,0.8048780487804879,1,0,0,0.7073170731707317,0.2926829268292683
UPPER DIR DISTRICT,KHYBER PAKHTUNKHWA,MALAKAND DIVISION,0.9791666666666666,0.004807692,0.006410256,0.006410256,0.003205128,2542,0.8019323671497585,0.048309179,0.004830918,0.00805153,0.9146537842190016,0.025764895,0.15619967793880837,0.34299516908212563,0.061191626409017714,0.064412238,0.006441224,0.679549114,0.31239935587761675,0.5974235104669887,0.045088567,0.022544283,0.030546624,55,11,12010,0,0,0,1,193.10450160771705,0.024115755627009645,0.9742765273311897,59.1875,0.21382636655948553,0.046623794,0.001607717,0,0.004823151,0.14630225080385853,0.099678457,0.905144695,0.017684887459807074,0.001607717,3.882636655948553,3.895498392282958,0.069131833,14.863557858376511,0.088424437,9.183421517,0.07073955,12.45847750865052,0.051446945,25.105084745762714,0.033762058,17.19800332778702,0.036977492,16.525876460767947,0.080385852,13.63986013986014,0.073954984,18.21527777777778,0.7604501607717041,2.9798657718120807,0.20257234726688103,5.610887096774194,0.12218649517684887,6.978021978021978,0.006430868,27.90453074433657,0.009646302,37.69318181818182,0.42443729903536975,10.128491620111731,0.40353697749196143,4.919137466307277,0.11254019292604502,8.164855072463768,0.067524116,15.127586206896552,0.011254019292604502,33.99837398373984,0.035369775,55.001666666666665,0.36977491961414793,14.71173469387755,0.04340836,0.001607717,0.003215434,0.033762058,0.006430868,0.003215434,0.9421221864951769,0,0,0,0,0.001607717,0.001607717,0.9967845659163987,0.036977492,15.851419031719532,0.08681672,13.746478873239436,0.1720257234726688,0.9903536977491961,13,5,6,1,0,0.5836012861736335,0.009646302,0.29260450160771706,0.032154341,0.20096463022508038,0.006504065,0.24227642276422764,0.027642276422764227,0.9853658536585366,0.021138211,Unmetalled,10.428884026258206,0.8456591639871383,0.36977491961414793,0.009646302,0.19614147909967847,0.096463023,0.12540192926045016,10.852941176470589,0.025723473,45.85973597359736,0.01607717,45.872549019607845,0.01607717,43.16339869281046,0.073954984,12.4375,0.8408360128617364,9.97979798,0.067524116,69.46724137931035,0.014469453376205787,42.874388254486135,0.069131833,40.509499136442145,0.048231511,24.78885135135135,0.072347267,15.852686308492201,0.9598070739549839,15.28,0.12861736334405144,17.629151291512915,0.054662379,29.92346939,0.8729903536977492,13.354430379746836,0.5401929260450161,143471,0.6607717041800643,288740,0.7588424437299035,0.2958199356913183,0.1157556270096463,0.6254019292604501,0.024115755627009645,0.20096463022508038,0.008038585,0.049839228,0.001607717,0.011254019292604502,0.001607717,0.022508038585209004,0.093247588,0.6768488745980707,0.019292605,25.140983606557377,0.33762057877813506,21.854368932038835,0.045016077,12.813131313131313,0.072347267,10.970537261698441,0.075562701,0.17041800643086816,0.062700965,0,0.7282958199356914,0.046623794,0.1045016077170418,0.022508038585209004,0,0.8408360128617364,0,0.001607717,0.1832797427652733,0.077170418,0.7395498392282959,2,2,2,0,2,2,2,0,0,0,0,0,0,0,607,3,0.01607717,0.454983923,0.5257234726688103,0.003215434,0.048231511,0.022508038585209004,0.004823151,0.9244372990353698,0.9758842443729904,0.012861736334405145,0.011254019292604502,0.2508038585209003,0.7491961414790996
