Name of District,Name of Province,Name of Division,Total Number of Settlements,Total Villages,Development_Index,Housing_Score,Electricity_Score,Water_Score,Sanitation_Score,Connectivity_Score
LAHORE DISTRICT,PUNJAB,LAHORE DIVISION,873,363,0.7610003165558722,0.914529914529914,0.982905982472934,0.877492877492878,0.814814814814815,0.9145299145299145
MIRPUR DISTRICT,AZAD JAMMU AND KASHMIR,MIRPUR DIVISION,897,244,0.7133520074360411,0.781512605042017,0.9873949582941179,0.995798319327731,0.5588235294117645,0.9852941176470584
GUJRANWALA DISTRICT,PUNJAB,GUJRANWALA DIVISION,1387,813,0.6846828376864335,0.931119311,0.997539975,0.945879458794588,0.5959409592601475,0.95206956369318
SIALKOT DISTRICT,PUNJAB,GUJRANWALA DIVISION,1950,1507,0.6808254815629964,0.936314363143632,0.9925675675675675,0.973737373737374,0.5931023227236321,0.934752804358691
GUJRAT DISTRICT,PUNJAB,GUJRANWALA DIVISION,1720,1006,0.6768444621052729,0.954500494559842,0.9891089108910887,0.961614173228346,0.581775851654635,0.9279368210834156
KOTLI DISTRICT,AZAD JAMMU AND KASHMIR,MIRPUR DIVISION,1292,227,0.6718898385954417,0.461538461538462,0.999999999726496,0.995726495726496,0.5149572651324785,0.982905982905983
POONCH DISTRICT,AZAD JAMMU AND KASHMIR,RAWALAKOT DIVISION,912,134,0.6642156862875817,0.389705882352941,1.0,1.0,0.5330882355,0.9485294117647061
MANDI BAHAUDDIN DISTRICT,PUNJAB,GUJRANWALA DIVISION,839,433,0.6530670780892727,0.985401459854015,0.990243902439024,0.927007299,0.5352441991585365,0.924461456293395
SHEIKHUPURA DISTRICT,PUNJAB,LAHORE DIVISION,1502,667,0.6503487492317622,0.817589576547231,0.9739413682443,0.968203497615262,0.5441622361425484,0.898306190625326
BAGH DISTRICT,AZAD JAMMU AND KASHMIR,RAWALAKOT DIVISION,739,140,0.6460317461111111,0.378571428571429,0.978571428857143,1.0,0.5392857144285715,0.9571428571428575
HAFIZABAD DISTRICT,PUNJAB,GUJRANWALA DIVISION,640,422,0.6399228011679072,0.823821339950372,0.985111662186104,0.900744416873449,0.5595533496339951,0.952853598014888
NAROWAL DISTRICT,PUNJAB,GUJRANWALA DIVISION,1473,1245,0.639246417272138,0.857265692175408,0.9922613929492693,0.996569468267582,0.503420544101032,0.922225373864261
SUDHNOTI DISTRICT,AZAD JAMMU AND KASHMIR,RAWALAKOT DIVISION,380,61,0.6357012750455372,0.0,1.0,1.0,0.4508196721311475,1.0
MUZAFFARABAD DISTRICT,AZAD JAMMU AND KASHMIR,MUZAFARABAD DIVISION,1760,400,0.6335251262060552,0.454326923076923,0.98072289146988,0.997596153846154,0.5336104033076925,0.9591346153846154
MALAKAND PROTECTED AREA,KHYBER PAKHTUNKHWA,MALAKAND DIVISION,296,34,0.630718954248366,0.529411764705882,1.0,1.0,0.5294117647058824,1.0
RAWALPINDI DISTRICT,PUNJAB,RAWALPINDI DIVISION,3313,1202,0.6253002138800849,0.676418439716312,0.94514767886076,0.969257045260461,0.538454204204204,0.905937142442211
BHIMBER DISTRICT,AZAD JAMMU AND KASHMIR,MIRPUR DIVISION,1219,210,0.62393162388604,0.466666666666667,0.99487179474359,0.979487179487179,0.5256410254358975,0.917948717948718
ISLAMABAD DISTRICT,ISLAMABAD CAPITAL TERRITORY,FEDERAL CAPITAL AREA,529,195,0.6171409079905813,0.805555555555556,1.0,0.972222222222222,0.6111111111111109,0.5641711229946524
JHELUM DISTRICT,PUNJAB,RAWALPINDI DIVISION,975,583,0.6141810259342444,0.777183600713013,0.987522281639929,0.837789661319073,0.528520499108734,0.8903743315508025
CHARSADDA DISTRICT,KHYBER PAKHTUNKHWA,PESHAWAR DIVISION,674,203,0.6092140920867208,0.273170731707317,0.951219512195122,0.995121951219512,0.578048780487805,0.951219512195122
FAISALABAD DISTRICT,PUNJAB,FAISALABAD DIVISION,1870,842,0.6079213184476342,0.824162679425837,0.995215311090909,0.399521531100478,0.5586124401913874,0.9180622009569375
SWABI DISTRICT,KHYBER PAKHTUNKHWA,MARDAN DIVISION,413,156,0.6072186836518046,0.471337579617834,0.949044585987261,0.993630573248408,0.5159235668789807,0.8057324840764335
SARGODHA DISTRICT,PUNJAB,SARGODHA DIVISION,1813,846,0.6062864502916177,0.818955043,0.9733009708737861,0.732769044740024,0.535611007291781,0.9375
NAGAR DISTRICT,GILGIT BALTISTAN,GILGIT DIVISION,160,39,0.6039886039886043,0.564102564102564,0.8461538458717951,0.923076923076923,0.5769230769230775,0.653846153846154
HUNZA DISTRICT,GILGIT BALTISTAN,GILGIT DIVISION,132,46,0.6,0.355555555555556,0.9333333333333331,1.0,0.588888888888889,0.822222222222222
KASUR DISTRICT,PUNJAB,LAHORE DIVISION,2545,635,0.5994199745831069,0.704730831973899,0.941272430668842,0.864600326264274,0.513050570778956,0.898858075040783
HANGU DISTRICT,KHYBER PAKHTUNKHWA,KOHAT DIVISION,195,49,0.598639455782313,0.306122448979592,0.9795918367346941,0.979591836734694,0.5510204081632655,0.9183673469387755
CHAKWAL DISTRICT,PUNJAB,RAWALPINDI DIVISION,945,449,0.5984509463647326,0.607228915662651,0.9592326140551559,0.9375,0.515429180620482,0.947368421052632
TOBA TEK SINGH DISTRICT,PUNJAB,FAISALABAD DIVISION,1125,544,0.5981959819069291,0.826568265682657,0.979704797047971,0.533210332,0.5359778595,0.9778597785977861
PESHAWAR DISTRICT,KHYBER PAKHTUNKHWA,PESHAWAR DIVISION,821,315,0.5960866527812718,0.163522012578616,0.9182389937106921,0.949685535,0.556603773789308,0.9150943396226415
SWAT DISTRICT,KHYBER PAKHTUNKHWA,MALAKAND DIVISION,760,212,0.5959119496855347,0.216981132075472,0.9009433962264151,1.0,0.641509433962264,0.8726415094339626
NOWSHERA DISTRICT,KHYBER PAKHTUNKHWA,PESHAWAR DIVISION,355,159,0.5955901386018804,0.360544217687075,0.97945205479452,0.972789115646258,0.5306122448979596,0.886986301369863
NANKANA SAHIB DISTRICT,PUNJAB,LAHORE DIVISION,957,419,0.5908962397704269,0.569974554707379,0.989821882951654,0.816793893,0.522900763510178,0.9173027989821885
PAKPATTAN DISTRICT,PUNJAB,SAHIWAL DIVISION,1247,580,0.58946360151341,0.58448275862069,0.967241379034483,0.93448275862069,0.5051724138448275,0.9405172413793105
QUETTA DISTRICT,BALOCHISTAN,QUETTA DIVISION,328,68,0.5887230514228856,0.119402985074627,0.7761194029850741,0.925373134328358,0.559701492597015,0.865671641791045
GHANCHE DISTRICT,GILGIT BALTISTAN,BALTISTAN DIVISION,307,58,0.5848961484228675,0.0172413793103448,0.9655172413793106,1.0,0.49999999999999983,0.894736842105263
MULTAN DISTRICT,PUNJAB,MULTAN DIVISION,2449,534,0.5802012733620867,0.571164510166359,0.9426987060998149,0.818853974121996,0.5064695009242145,0.940850277264325
ABBOTTABAD DISTRICT,KHYBER PAKHTUNKHWA,HAZARA DIVISION,1594,344,0.5765679719691179,0.174785100286533,0.997134670487106,0.98567335243553,0.49999999993553,0.9670487106017189
SAHIWAL DISTRICT,PUNJAB,SAHIWAL DIVISION,1383,531,0.5761006289350106,0.59622641509434,0.9641509433962261,0.781132075471698,0.4896226416792455,0.871698113207547
MARDAN DISTRICT,KHYBER PAKHTUNKHWA,MARDAN DIVISION,931,169,0.5727783067037793,0.337209302325581,0.947368421052631,0.982558139534884,0.5523255813953489,0.709302325767442
HARIPUR DISTRICT,KHYBER PAKHTUNKHWA,HAZARA DIVISION,1308,352,0.5636582800443163,0.304347826086957,0.9855491329479771,0.994202898550725,0.4666666666811595,0.9320809248554915
GHIZER DISTRICT,GILGIT BALTISTAN,GILGIT DIVISION,377,105,0.5608465608253969,0.2,0.971428571428571,1.0,0.5047619046666665,0.7142857142857145
HATTIAN BALA DISTRICT,AZAD JAMMU AND KASHMIR,MUZAFARABAD DIVISION,535,165,0.5569105691165313,0.097560976,0.9939024390487801,0.99390243902439,0.5091463414634145,0.8567073169268296
VEHARI DISTRICT,PUNJAB,MULTAN DIVISION,1844,777,0.5556391094486762,0.546632124352332,0.9496774193548391,0.832258065,0.514168374,0.9476744187299739
GILGIT DISTRICT,GILGIT BALTISTAN,GILGIT DIVISION,139,53,0.5555555555429769,0.132075471698113,0.924528301886792,1.0,0.5377358490566035,0.7264150943396225
MANSEHRA DISTRICT,KHYBER PAKHTUNKHWA,HAZARA DIVISION,1682,391,0.5547052154444443,0.247448979591837,0.946428571428572,0.979591836734694,0.478316326653061,0.926020408163265
OKARA DISTRICT,PUNJAB,SAHIWAL DIVISION,2246,930,0.553165067992642,0.515625,0.9230769230769229,0.890746934225195,0.4922415227672605,0.883630289532294
MIANWALI DISTRICT,PUNJAB,SARGODHA DIVISION,606,256,0.5525485404227246,0.597345132743363,0.859030837004406,0.934497816593886,0.5022123893805313,0.929203539823009
ATTOCK DISTRICT,PUNJAB,RAWALPINDI DIVISION,942,452,0.5516523549458757,0.433255269320843,0.97423887587822,0.943793911007026,0.498829039879391,0.936768149882904
KHANEWAL DISTRICT,PUNJAB,MULTAN DIVISION,1822,675,0.5399408284326103,0.408284023668639,0.918639053254438,0.86094674556213,0.517011834213018,0.9164201183431955
CHINIOT DISTRICT,PUNJAB,FAISALABAD DIVISION,566,361,0.5379636260753473,0.383098591549296,0.901408450704226,0.985915492957746,0.4221094931168935,0.929454125885255
CHITRAL UPPER,KHYBER PAKHTUNKHWA,MALAKAND DIVISION,485,162,0.5301783265294926,0.0123456790123456,0.919753086358025,1.0,0.487654321234568,0.8549382716049385
HYDERABAD DISTRICT,SINDH,HYDERABAD DIVISION,915,83,0.5185185185075446,0.098765432,0.8765432098765431,0.802469135802469,0.5061728395061725,0.975308641975309
BAHAWALPUR DISTRICT,PUNJAB,BAHAWALPUR DIVISION,2691,709,0.518204645314501,0.436440677966102,0.9392655367231639,0.655367232,0.5014124291723165,0.940677965861582
NAUSHAHRO FEROZE DISTRICT,SINDH,SHAHEED BENAZIRABAD DIVISION,1191,230,0.5175565175666186,0.060606061,0.7878787878787881,0.930735930735931,0.545454545435065,0.9372294372294374
LOWER DIR DISTRICT,KHYBER PAKHTUNKHWA,MALAKAND DIVISION,1794,1051,0.5164107196354513,0.046973803,0.894308943089431,0.982836495,0.48870822049593504,0.8532068654019875
RAHIM YAR KHAN DISTRICT,PUNJAB,BAHAWALPUR DIVISION,6125,1129,0.5114416540542107,0.452879581151832,0.9459459459459459,0.579268292682927,0.4834134038779425,0.9380761863028371
BHAKKAR DISTRICT,PUNJAB,SARGODHA DIVISION,1358,541,0.5109150246913738,0.332699619771863,0.7855787473965841,1.0,0.489563567605313,0.9316292811740174
SHANGLA DISTRICT,KHYBER PAKHTUNKHWA,MALAKAND DIVISION,827,110,0.5025025025065066,0.009009009,0.5855855855855849,0.972972973,0.5585585585765764,0.8603603603828831
BUNER DISTRICT,KHYBER PAKHTUNKHWA,MALAKAND DIVISION,537,166,0.5006693440589023,0.096385542,0.843373493975904,0.963855422,0.566265060240964,0.8765060240963856
NEELUM DISTRICT,AZAD JAMMU AND KASHMIR,MUZAFARABAD DIVISION,369,88,0.5,0.0,0.840909091363636,1.0,0.4943181818181819,0.6818181818181821
LAYYAH DISTRICT,PUNJAB,D.G.KHAN DIVISION,1896,726,0.49949455622862016,0.431179775280899,0.7485875706214691,0.969057665260197,0.462025316455696,0.849083215796897
SHIGAR DISTRICT,GILGIT BALTISTAN,BALTISTAN DIVISION,208,57,0.49902534113060437,0.0,0.894736842105264,1.0,0.4912280701754385,0.7543859649122805
HAVELI DISTRICT,AZAD JAMMU AND KASHMIR,RAWALAKOT DIVISION,689,90,0.4969474969584859,0.021978022,0.835164835164836,1.0,0.38461538465934053,0.950549450532967
JHANG DISTRICT,PUNJAB,FAISALABAD DIVISION,1960,722,0.4939369644141359,0.314002829,0.8016997167138811,0.957567185289958,0.44180430846458946,0.88581560285461
KHUSHAB DISTRICT,PUNJAB,SARGODHA DIVISION,523,318,0.4930479569408365,0.533807829181495,0.76140350877193,0.75,0.4358008274231681,0.7979094076655056
KOHAT DISTRICT,KHYBER PAKHTUNKHWA,KOHAT DIVISION,650,174,0.4880635046920567,0.154285714285714,0.874285714285715,0.827586206896552,0.517142857142857,0.785152766308836
ASTORE DISTRICT,GILGIT BALTISTAN,ASTORE DIVISION,200,45,0.4839506173209876,0.066666667,0.777777777888889,1.0,0.4333333333333332,0.688888888888889
BATAGRAM DISTRICT,KHYBER PAKHTUNKHWA,HAZARA DIVISION,586,104,0.4797008546666668,0.067307692,0.701923076923077,1.0,0.4759615384615385,0.8221153846153846
BAHAWALNAGAR DISTRICT,PUNJAB,BAHAWALPUR DIVISION,3099,1095,0.47753274716925787,0.454461821527139,0.91804788213628,0.422405876951331,0.45345845517587496,0.897058823529412
BALTISTAN DISTRICT,GILGIT BALTISTAN,BALTISTAN DIVISION,373,73,0.4733637746179606,0.0,0.945205479178082,1.0,0.46575342445205503,0.554794520438356
TANDO ALLAHYAR DISTRICT,SINDH,HYDERABAD DIVISION,456,91,0.4725274725311356,0.010989011,0.703296703296704,0.725274725274725,0.4945054945384615,0.9780219779999999
CHITRAL LOWER,KHYBER PAKHTUNKHWA,MALAKAND DIVISION,1123,332,0.46613279945912584,0.039039039,0.8468468468468471,0.963963964,0.430930930930931,0.6891891891891895
MATIARI DISTRICT,SINDH,HYDERABAD DIVISION,457,113,0.4656084656666667,0.028571429,0.466666666666667,0.857142857142857,0.5333333334761905,0.880952380952381
LODHRAN DISTRICT,PUNJAB,MULTAN DIVISION,1365,438,0.4594315245245477,0.353488372093023,0.918604651162791,0.551162790697674,0.47441860465116265,0.9069767441860466
SHAHEED BENAZIRABAD DISTRICT,SINDH,SHAHEED BENAZIRABAD DIVISION,1310,328,0.45825228202043317,0.0182926829268292,0.8128834355828221,0.847560975609756,0.46646341480487796,0.8902439024390245
KARAK DISTRICT,KHYBER PAKHTUNKHWA,KOHAT DIVISION,628,118,0.4557760716009305,0.101694915254237,0.82051282051282,0.779661016949153,0.362958134059829,0.8516949152542375
SHIKARPUR DISTRICT,SINDH,LARKANA DIVISION,1085,236,0.45545977011877387,0.030172414,0.689655172413793,0.974137931034483,0.502155172413793,0.84051724137931
MUZAFFARGARH DISTRICT,PUNJAB,D.G.KHAN DIVISION,4443,978,0.45220120150241233,0.23454157782516,0.7268862910276299,0.900318133616119,0.4094034839787007,0.8525170380477001
MALIR DISTRICT,SINDH,KARACHI DIVISION,568,53,0.4486373165618448,0.0188679245283018,0.5283018867924529,0.811320754716981,0.5943396226415095,0.6509433962264151
GHOTKI DISTRICT,SINDH,SUKKUR DIVISION,1087,284,0.4436701510089043,0.06271777,0.574912891986063,0.895470383275261,0.500000000031359,0.855400696956446
KHAIRPUR DISTRICT,SINDH,SUKKUR DIVISION,2152,412,0.43951920886263934,0.082524272,0.621359223300971,0.868932038834951,0.466019417475728,0.7676399026763989
LARKANA DISTRICT,SINDH,LARKANA DIVISION,760,182,0.4275362318599033,0.108695652173913,0.755434782608695,0.918478260869565,0.5380434782608695,0.6358695652173916
SANGHAR DISTRICT,SINDH,SHAHEED BENAZIRABAD DIVISION,2175,361,0.42116697709186846,0.0558659217877094,0.748603351955307,0.695530726256983,0.38128491631564254,0.8868715083798885
LAKKI MARWAT DISTRICT,KHYBER PAKHTUNKHWA,BANNU DIVISION,429,213,0.42085953874423476,0.033018868,0.759433962264151,0.962264150943396,0.38915094333018846,0.6933962264150946
UPPER DIR DISTRICT,KHYBER PAKHTUNKHWA,MALAKAND DIVISION,2663,638,0.41136556401017815,0.0167938931297709,0.6702290076335881,0.97557251908397,0.3854961832061068,0.6625954198473281
DADU DISTRICT,SINDH,HYDERABAD DIVISION,1456,345,0.4105717407234136,0.0484848484848484,0.700305810397554,0.734756097560976,0.4075757576969695,0.7811550153100305
KAMBAR SHAHDAD KOT DISTRICT,SINDH,LARKANA DIVISION,1142,275,0.40930123287052944,0.032374101,0.446043165467626,0.615107913669065,0.49455919135659204,0.820421082488848
TANDO MUHAMMAD KHAN DISTRICT,SINDH,HYDERABAD DIVISION,863,158,0.40810621936967156,0.0125786163522012,0.43396226368553503,0.836477987421384,0.43710691844654104,0.8773584905660374
DERA ISMAIL KHAN DISTRICT,KHYBER PAKHTUNKHWA,DERA ISMAIL KHAN DIVISION,1152,424,0.4079220404698788,0.0253807106598984,0.748730964467005,0.6575,0.389248104673522,0.7858942065491186
TANK DISTRICT,KHYBER PAKHTUNKHWA,DERA ISMAIL KHAN DIVISION,251,100,0.40673082393878807,0.032967033,0.722222222222223,0.634408602150538,0.455453149001536,0.702258852258852
KARACHI WEST DISTRICT,SINDH,KARACHI DIVISION,97,13,0.4017094017094019,0.384615384615385,0.384615384615385,0.384615384615385,0.461538461538462,0.6538461538461535
BANNU DISTRICT,KHYBER PAKHTUNKHWA,BANNU DIVISION,1719,398,0.39726409830485776,0.057788945,0.736180904522613,0.969849246231156,0.3379396985150755,0.6017587939698494
MASTUNG DISTRICT,BALOCHISTAN,KALAT DIVISION,523,285,0.39570278208607657,0.0,0.859259259259259,0.955719557,0.446875,0.555539128720678
SUKKUR DISTRICT,SINDH,SUKKUR DIVISION,1159,272,0.39444836695886126,0.067729084,0.517094017094017,0.906882591093117,0.386,0.7017942386831275
SOHBATPUR DISTRICT,BALOCHISTAN,NASIRABAD DIVISION,312,46,0.39371980672946866,0.0,0.782608696,0.41304347826087,0.499999999847826,0.9782608695652175
MOHMAND DISTRICT,KHYBER PAKHTUNKHWA,PESHAWAR DIVISION,535,72,0.37747336370471846,0.02739726,0.7123287671232881,0.945205479452055,0.232876712328767,0.6095890409863015
HARNAI DISTRICT,BALOCHISTAN,SIBI DIVISION,230,96,0.376543209925926,0.055555556,0.7444444444444444,1.0,0.14444444444444454,0.638888888888889
MIRPUR KHAS DISTRICT,SINDH,MIRPUR KHAS DIVISION,1775,415,0.3725961538461538,0.079326923,0.814903846153846,0.177884615384615,0.305288461653846,0.9098557692307695
KHARMANG DISTRICT,GILGIT BALTISTAN,BALTISTAN DIVISION,236,42,0.36856368563685643,0.0,1.0,1.0,0.0,0.378048780487805
DIAMIR DISTRICT,GILGIT BALTISTAN,ASTORE DIVISION,235,113,0.3673673673593595,0.018018018018018,0.7477477476576581,0.990990991,0.3558558558153155,0.207207207207207
KURRAM DISTRICT,KHYBER PAKHTUNKHWA,KOHAT DIVISION,1211,304,0.35991140641823544,0.0299003322259136,0.68438538238206,0.953488372093023,0.34717607973421905,0.4451827242524915
JACOBABAD DISTRICT,SINDH,LARKANA DIVISION,1494,208,0.3596629804223274,0.104265402843602,0.412322274488152,0.587677725118483,0.338862559241706,0.8199052132701421
BAJAUR DISTRICT,KHYBER PAKHTUNKHWA,MALAKAND DIVISION,3178,570,0.348780941630374,0.008375209,0.631490787269682,0.991624790619766,0.3266331655,0.4254606365159125
JAMSHORO DISTRICT,SINDH,HYDERABAD DIVISION,934,174,0.34441160363601536,0.051428571,0.24712643654023,0.405714285714286,0.47357963875205256,0.7126436782298851
THATTA DISTRICT,SINDH,HYDERABAD DIVISION,1696,260,0.3411119159480819,0.0358565737051792,0.08260869543478261,0.700404858299595,0.373052013737705,0.7186344663088851
LOWER KOHISTAN,KHYBER PAKHTUNKHWA,HAZARA DIVISION,2473,414,0.3372549019084967,0.028235294,0.447058823529412,0.969411764705882,0.272941176411765,0.615294117647059
NORTH WAZIRISTAN DISTRICT,KHYBER PAKHTUNKHWA,BANNU DIVISION,491,168,0.3307034845496383,0.0,0.502958579881656,0.952662721893491,0.1420118343195265,0.544378698224852
ORAKZAI DISTRICT,KHYBER PAKHTUNKHWA,KOHAT DIVISION,386,72,0.32724505320091324,0.01369863,0.575342465753425,0.986301369863014,0.3013698630136985,0.4383561643835615
RAJANPUR DISTRICT,PUNJAB,D.G.KHAN DIVISION,1655,532,0.3235384869506102,0.091451292,0.38170974200994,0.712301587301587,0.2236186059840955,0.71031746031746
KHYBER DISTRICT,KHYBER PAKHTUNKHWA,PESHAWAR DIVISION,704,112,0.318713450331384,0.00877193,0.56140350877193,0.982456140350877,0.31578947377193,0.30701754385964897
UMER KOT DISTRICT,SINDH,MIRPUR KHAS DIVISION,1683,235,0.31631205669030726,0.008510638,0.693617021276596,0.425531915,0.1829787231595745,0.8957446808510634
BARKHAN DISTRICT,BALOCHISTAN,ZHOB DIVISION,612,132,0.31383170121607945,0.0229007633587786,0.198473282572519,0.992424242424242,0.2786259541984735,0.5766539440203565
DERA GHAZI KHAN DISTRICT,PUNJAB,D.G.KHAN DIVISION,3205,826,0.3119679636945198,0.0572851805728518,0.409876543209877,0.798773006134969,0.2171542299200087,0.617043005079815
KILLA SAIFULLAH DISTRICT,BALOCHISTAN,ZHOB DIVISION,678,164,0.3113854595336078,0.0123456790123456,0.567901234518519,0.981481481481482,0.07407407407407425,0.537037037037037
KHARAN DISTRICT,BALOCHISTAN,RAKHSHAN DIVISION,333,180,0.3088512241531701,0.028248588,0.5593220337570619,0.988700564971751,0.0310734463276836,0.587570621468927
KILLA ABDULLAH DISTRICT,BALOCHISTAN,QUETTA DIVISION,509,101,0.3069306930033004,0.0,0.425742574257426,0.99009900990099,0.2722772276732675,0.3613861386138615
SHAHEED SIKANDAR ABAD DISTRICT,BALOCHISTAN,KALAT DIVISION,1322,261,0.3064989517526205,0.0113207547169811,0.524528301886792,0.992452830188679,0.2452830188679245,0.4150943396132075
TORGHAR DISTRICT,KHYBER PAKHTUNKHWA,HAZARA DIVISION,301,97,0.3040935672982457,0.0,0.305263157894737,0.968421053,0.20000000000000015,0.5526315789473685
JHAL MAGSI DISTRICT,BALOCHISTAN,NASIRABAD DIVISION,748,198,0.3015075376806255,0.005025126,0.2160804020100498,0.648241206030151,0.32160804020100525,0.688442210834171
ZHOB DISTRICT,BALOCHISTAN,ZHOB DIVISION,562,103,0.30078563417396204,0.0303030303030303,0.676767676767677,0.98989899,0.08585858585858609,0.43939393939393945
PANJGUR DISTRICT,BALOCHISTAN,MEKRAN DIVISION,1407,202,0.29629629626797394,0.034313725,0.348039215686275,0.970588235294118,0.137254901892157,0.5294117647058825
KASHMORE DISTRICT,SINDH,LARKANA DIVISION,711,147,0.2927927928018017,0.0337837837837837,0.31081081081081047,0.810810810810811,0.33783783768918896,0.489864864864865
SHERANI DISTRICT,BALOCHISTAN,ZHOB DIVISION,607,179,0.2750153468483732,0.011049723756906,0.480662983425414,0.994475138,0.218232044378453,0.3425414364640885
SUJAWAL DISTRICT,SINDH,HYDERABAD DIVISION,1246,379,0.27482229545088205,0.009345794,0.097178683,0.653125,0.44665595794392504,0.386546006585044
LORALAI DISTRICT,BALOCHISTAN,ZHOB DIVISION,600,177,0.27323124757840656,0.0115606936416184,0.40350877192982504,0.953757225,0.05491329473121385,0.5433526011560694
DUKI DISTRICT,BALOCHISTAN,ZHOB DIVISION,371,87,0.2728074175157318,0.0,0.317647058529412,0.941176470588235,0.07058823529411745,0.627906976744186
ZIARAT DISTRICT,BALOCHISTAN,SIBI DIVISION,232,91,0.2707535121072797,0.0229885057471264,0.689655172413793,0.988505747126437,0.0862068965517241,0.310344827591954
BADIN DISTRICT,SINDH,HYDERABAD DIVISION,4012,472,0.26536999771696845,0.024144869,0.255533198937626,0.44466800804829,0.19416498996277648,0.7022132796780685
CHAGAI DISTRICT,BALOCHISTAN,RAKHSHAN DIVISION,501,48,0.26388888885185174,0.0,0.0625,0.958333333333333,0.0937499999999998,0.4895833331666665
JAFFARABAD DISTRICT,BALOCHISTAN,NASIRABAD DIVISION,769,170,0.26147343004830925,0.032608696,0.6086956530000001,0.157608695652174,0.1902173912826085,0.8070652173913044
LASBELA DISTRICT,BALOCHISTAN,KALAT DIVISION,1423,299,0.26000748214889646,0.04040404,0.218855218579125,0.750841750841751,0.1515151516296295,0.528619528619529
NASIRABAD DISTRICT,BALOCHISTAN,NASIRABAD DIVISION,746,165,0.2534930138829008,0.005988024,0.455089819982036,0.652694610778443,0.2485029940119758,0.4850299401197605
KECH DISTRICT,BALOCHISTAN,MEKRAN DIVISION,937,284,0.25150421185439237,0.046931408,0.274368231465704,0.877256317689531,0.1696750905,0.3465703971119135
KACHHI DISTRICT,BALOCHISTAN,NASIRABAD DIVISION,421,305,0.2507542000308225,0.01369863,0.6746575342465759,0.311418685121107,0.30132311000981826,0.4317406144982935
SOUTH WAZIRISTAN DISTRICT,KHYBER PAKHTUNKHWA,DERA ISMAIL KHAN DIVISION,926,372,0.2480893591205174,0.005291005,0.338624338624339,0.973544973544974,0.1640211640211641,0.3187830687830685
WASHUK DISTRICT,BALOCHISTAN,RAKHSHAN DIVISION,331,232,0.24290780142553187,0.0,0.14893617046808502,0.968085106382979,0.007978723436170199,0.5159574468085105
PISHIN DISTRICT,BALOCHISTAN,QUETTA DIVISION,593,374,0.24281045750326782,0.0117647058823529,0.355882352941176,0.973529411764706,0.12499999999999985,0.329411764705882
MUSAKHEL DISTRICT,BALOCHISTAN,ZHOB DIVISION,510,71,0.24100156485602492,0.0,0.197183098338028,0.845070422535211,0.05633802802112675,0.492957746478873
KOLAI PALAS KOHISTAN,KHYBER PAKHTUNKHWA,HAZARA DIVISION,1508,513,0.24053201298498575,0.0,0.0385321100917431,0.998168498168498,0.096153846238095,0.46697247706422035
KOHISTAN DISTRICT,KHYBER PAKHTUNKHWA,HAZARA DIVISION,1258,476,0.24004400438723872,0.0158415841584158,0.0435643564356435,0.998019802,0.06831683166336651,0.463366336633663
KHUZDAR DISTRICT,BALOCHISTAN,KALAT DIVISION,5653,1250,0.23505170827037336,0.000779423,0.171740827112412,0.961808261886204,0.1204208885424785,0.4076383476227595
KALAT DISTRICT,BALOCHISTAN,KALAT DIVISION,1607,361,0.22825396834920633,0.0,0.28857142857142903,0.934285714285714,0.0900000002142855,0.3614285714285715
NUSHKI DISTRICT,BALOCHISTAN,RAKHSHAN DIVISION,131,45,0.2138888888888889,0.0,0.625,0.65,0.2625,0.325
AWARAN DISTRICT,BALOCHISTAN,KALAT DIVISION,549,241,0.2094425419752533,0.00921659,0.055299538999999995,0.958715596330275,0.00921659,0.41705069136175116
CHOLISTAN,PUNJAB,BAHAWALPUR DIVISION ,603,981,0.20591815479049413,0.06116208,0.359999999769231,0.182926829268293,0.1184333958846155,0.653846153846154
THARPARKAR DISTRICT,SINDH,MIRPUR KHAS DIVISION,1383,170,0.19767441856589152,0.01744186,0.1976744186046514,0.337209302325581,0.13953488377907,0.47965116279069797
DERA BUGTI DISTRICT,BALOCHISTAN,SIBI DIVISION,765,222,0.18948412704761908,0.0223214285714285,0.0625000002857142,0.84375,0.03794642857142855,0.34821428571428603
SIBI DISTRICT,BALOCHISTAN,SIBI DIVISION,344,159,0.16329966329966322,0.0,0.43939393939393906,0.439393939393939,0.12121212121212135,0.14772727272727265
GWADAR DISTRICT,BALOCHISTAN,MEKRAN DIVISION,470,145,0.1317901234329502,0.082758621,0.194444444111111,0.089655172,0.15268199233716487,0.277777777888889
KOHLU DISTRICT,BALOCHISTAN,SIBI DIVISION,929,197,0.12377662633333333,0.005181347,0.0518134713005181,0.865284974093264,0.01554404165025905,0.080310880803109
