Name of District,Name of Province,Name of Division,Settlement_Weighted,Agriculture_Livestock_Weighted,Housing_Amenities_Weighted,Infrastructure_Services_Weighted,Education_Weighted,Health_Weighted,Recreation_Sports_Weighted,Social_Community_Weighted,Industry_Weighted,Credit_Finance_Weighted,Disaster_Resilience_Weighted,Composite_Weighted_Score
BANNU DISTRICT,KHYBER PAKHTUNKHWA,BANNU DIVISION,7.666666666666666,6.720000000000001,4.733333333333333,5.840000000000001,7.699999999999999,6.999999999999999,1.5999999999999999,3.84,3.626666666666667,3.1666666666666665,0.9866666666666666,52.87999999999999
LAKKI MARWAT DISTRICT,KHYBER PAKHTUNKHWA,BANNU DIVISION,2.266666666666667,5.2,4.3999999999999995,5.2,10.0,7.599999999999998,3.2,3.4,3.1466666666666665,2.966666666666667,1.2,48.580000000000005
DERA ISMAIL KHAN DISTRICT,KHYBER PAKHTUNKHWA,DERA ISMAIL KHAN DIVISION,7.933333333333334,6.64,4.200000000000001,4.96,6.8,5.3999999999999995,2.9333333333333336,2.76,6.08,1.7333333333333336,0.8266666666666668,50.26666666666667
TANK DISTRICT,KHYBER PAKHTUNKHWA,DERA ISMAIL KHAN DIVISION,1.4000000000000004,4.56,3.8000000000000003,5.279999999999999,10.4,6.3999999999999995,1.9333333333333336,3.5199999999999996,2.293333333333333,2.4333333333333336,1.3466666666666667,43.36666666666666
ABBOTTABAD DISTRICT,KHYBER PAKHTUNKHWA,HAZARA DIVISION,6.4,4.719999999999999,6.133333333333333,7.68,11.299999999999999,7.5,2.033333333333333,2.5200000000000005,2.88,2.166666666666667,0.56,53.89333333333333
BATAGRAM DISTRICT,KHYBER PAKHTUNKHWA,HAZARA DIVISION,0.5333333333333334,3.8399999999999994,4.866666666666667,6.24,9.799999999999999,5.599999999999999,0.10000000000000009,4.839999999999999,1.4400000000000004,1.666666666666667,0.18666666666666676,39.11333333333333
HARIPUR DISTRICT,KHYBER PAKHTUNKHWA,HAZARA DIVISION,5.133333333333333,6.079999999999998,6.333333333333333,8.32,7.8,5.3,2.9000000000000004,3.8800000000000003,4.8533333333333335,2.266666666666667,0.32000000000000006,53.18666666666666
MANSEHRA DISTRICT,KHYBER PAKHTUNKHWA,HAZARA DIVISION,7.6000000000000005,6.0,5.666666666666667,8.079999999999998,11.6,7.8,0.6666666666666665,3.959999999999999,2.3466666666666667,2.3333333333333335,0.10666666666666669,56.16
TORGHAR DISTRICT,KHYBER PAKHTUNKHWA,HAZARA DIVISION,1.8000000000000005,3.4399999999999995,1.333333333333333,2.72,2.4000000000000004,2.199999999999999,0.8666666666666668,3.4399999999999995,2.1866666666666665,4.866666666666667,1.36,26.613333333333333
HANGU DISTRICT,KHYBER PAKHTUNKHWA,KOHAT DIVISION,0.46666666666666634,3.28,7.2,9.439999999999998,12.6,10.6,4.433333333333334,3.3600000000000003,2.24,3.966666666666667,1.2666666666666666,58.85333333333333
KARAK DISTRICT,KHYBER PAKHTUNKHWA,KOHAT DIVISION,2.333333333333333,3.5199999999999996,5.266666666666667,7.039999999999999,13.799999999999999,9.4,1.2333333333333336,0.9999999999999998,3.786666666666667,2.7,1.3066666666666666,51.38666666666666
KOHAT DISTRICT,KHYBER PAKHTUNKHWA,KOHAT DIVISION,2.4666666666666672,4.16,5.2,8.16,11.000000000000002,6.2,3.4333333333333336,3.6799999999999997,3.3600000000000008,3.7666666666666666,1.0,52.42666666666667
BUNER DISTRICT,KHYBER PAKHTUNKHWA,MALAKAND DIVISION,4.333333333333334,3.9199999999999995,4.6000000000000005,8.959999999999999,12.4,12.500000000000002,2.966666666666667,4.4399999999999995,7.36,2.8333333333333335,0.06666666666666665,64.38
CHITRAL LOWER,KHYBER PAKHTUNKHWA,MALAKAND DIVISION,4.133333333333334,1.44,3.933333333333333,5.359999999999999,6.300000000000001,5.2,2.6333333333333333,5.88,4.693333333333333,3.2666666666666666,1.96,44.800000000000004
CHITRAL UPPER,KHYBER PAKHTUNKHWA,MALAKAND DIVISION,2.4000000000000004,4.24,2.6666666666666674,2.6399999999999997,5.800000000000001,5.500000000000001,4.033333333333333,5.959999999999999,6.773333333333333,3.8666666666666667,2.0,45.88
LOWER DIR DISTRICT,KHYBER PAKHTUNKHWA,MALAKAND DIVISION,9.133333333333333,4.96,5.133333333333333,7.119999999999999,6.599999999999999,6.5,2.6,5.56,5.6000000000000005,4.266666666666667,1.386666666666667,58.86000000000001
MALAKAND PROTECTED AREA,KHYBER PAKHTUNKHWA,MALAKAND DIVISION,1.5333333333333332,8.079999999999998,9.933333333333334,11.919999999999998,15.0,15.0,4.366666666666666,5.279999999999999,8.0,2.1999999999999997,0.28,81.59333333333333
SHANGLA DISTRICT,KHYBER PAKHTUNKHWA,MALAKAND DIVISION,3.733333333333333,2.88,6.466666666666668,5.919999999999999,10.700000000000001,8.2,0.5666666666666664,5.4799999999999995,2.506666666666667,4.0,1.8666666666666667,52.32
SWAT DISTRICT,KHYBER PAKHTUNKHWA,MALAKAND DIVISION,6.333333333333333,2.3200000000000003,7.800000000000001,11.12,13.5,12.799999999999999,3.9000000000000004,4.68,4.533333333333333,1.2000000000000002,0.8,68.98666666666666
UPPER DIR DISTRICT,KHYBER PAKHTUNKHWA,MALAKAND DIVISION,8.8,0.3199999999999994,3.4000000000000004,4.4,4.8999999999999995,4.1,1.8,5.4399999999999995,7.093333333333334,4.1000000000000005,1.68,46.03333333333334
MARDAN DISTRICT,KHYBER PAKHTUNKHWA,MARDAN DIVISION,3.4666666666666672,9.52,9.133333333333333,11.84,14.8,14.399999999999999,4.5,3.64,7.68,0.7333333333333331,0.7333333333333334,80.44666666666666
SWABI DISTRICT,KHYBER PAKHTUNKHWA,MARDAN DIVISION,2.8666666666666667,6.879999999999999,7.333333333333335,10.559999999999999,14.7,14.5,3.933333333333333,4.32,3.5199999999999996,3.7,0.5866666666666667,72.9
CHARSADDA DISTRICT,KHYBER PAKHTUNKHWA,PESHAWAR DIVISION,2.6,9.04,9.266666666666666,10.719999999999999,13.999999999999998,14.200000000000001,3.7,3.0,4.586666666666666,1.5333333333333332,0.6000000000000001,73.24666666666667
NOWSHERA DISTRICT,KHYBER PAKHTUNKHWA,PESHAWAR DIVISION,1.6666666666666665,7.28,9.333333333333334,11.52,14.399999999999999,13.999999999999998,3.6,4.4799999999999995,6.506666666666667,2.5,0.7733333333333334,76.06
PESHAWAR DISTRICT,KHYBER PAKHTUNKHWA,PESHAWAR DIVISION,4.866666666666667,7.839999999999999,9.4,11.680000000000001,14.3,14.3,3.233333333333334,3.7600000000000002,6.613333333333334,3.233333333333334,0.9466666666666668,80.17333333333335
BAHAWALNAGAR DISTRICT,PUNJAB,BAHAWALPUR DIVISION,9.733333333333334,11.680000000000001,7.0,7.4399999999999995,8.6,10.2,4.333333333333334,1.3999999999999997,4.746666666666666,0.20000000000000018,0.9066666666666667,66.24000000000001
BAHAWALPUR DISTRICT,PUNJAB,BAHAWALPUR DIVISION,9.200000000000001,11.440000000000001,7.533333333333333,8.64,8.899999999999999,10.700000000000001,4.1000000000000005,2.48,6.133333333333333,0.5333333333333334,0.46666666666666656,70.12666666666667
CHOLISTAN,PUNJAB,BAHAWALPUR DIVISION ,9.333333333333334,8.24,3.2666666666666666,3.2000000000000006,3.2,3.7000000000000006,0.23333333333333317,0.04000000000000026,1.173333333333333,3.1333333333333337,0.8933333333333333,36.41333333333333
RAHIM YAR KHAN DISTRICT,PUNJAB,BAHAWALPUR DIVISION,9.933333333333334,12.0,7.133333333333335,7.760000000000001,6.5,8.5,3.5,1.6000000000000003,5.653333333333334,0.2666666666666667,0.6399999999999999,63.48666666666667
DERA GHAZI KHAN DISTRICT,PUNJAB,D.G.KHAN DIVISION,9.533333333333335,8.4,2.8666666666666667,4.0,3.499999999999999,3.9,0.49999999999999994,2.3599999999999994,4.053333333333333,3.0,0.3733333333333333,42.48666666666667
LAYYAH DISTRICT,PUNJAB,D.G.KHAN DIVISION,8.133333333333333,10.479999999999999,6.599999999999999,6.64,8.0,10.0,2.266666666666667,2.0,3.04,0.16666666666666663,0.6533333333333333,57.97999999999999
MUZAFFARGARH DISTRICT,PUNJAB,D.G.KHAN DIVISION,9.8,11.6,5.933333333333334,6.960000000000001,7.5,9.6,2.0,2.88,5.386666666666667,0.5666666666666664,0.8400000000000002,63.06666666666668
RAJANPUR DISTRICT,PUNJAB,D.G.KHAN DIVISION,7.866666666666666,9.12,3.6666666666666674,4.719999999999999,4.000000000000001,4.6,0.7000000000000002,4.36,3.2533333333333334,0.6000000000000001,1.2933333333333334,44.18
CHINIOT DISTRICT,PUNJAB,FAISALABAD DIVISION,4.933333333333334,9.84,6.2,8.8,6.8999999999999995,6.699999999999999,1.6333333333333333,1.64,5.8133333333333335,0.30000000000000027,0.48,53.239999999999995
FAISALABAD DISTRICT,PUNJAB,FAISALABAD DIVISION,9.066666666666666,11.919999999999998,9.666666666666668,11.04,12.799999999999999,14.1,4.800000000000001,2.08,7.253333333333333,2.7333333333333334,0.22666666666666657,85.68666666666664
JHANG DISTRICT,PUNJAB,FAISALABAD DIVISION,8.666666666666668,10.559999999999999,6.2666666666666675,7.28,7.1000000000000005,9.799999999999999,1.7666666666666668,0.8400000000000001,4.1066666666666665,1.8,1.1466666666666665,59.333333333333336
TOBA TEK SINGH DISTRICT,PUNJAB,FAISALABAD DIVISION,7.333333333333335,11.28,8.933333333333334,10.16,11.799999999999999,12.9,4.966666666666667,1.36,5.92,1.1666666666666665,0.6266666666666667,76.44666666666666
GUJRANWALA DISTRICT,PUNJAB,GUJRANWALA DIVISION,8.6,11.12,9.866666666666667,11.28,11.499999999999998,11.6,4.166666666666667,2.2399999999999998,6.453333333333333,0.9999999999999999,0.8666666666666667,78.69333333333333
GUJRAT DISTRICT,PUNJAB,GUJRANWALA DIVISION,8.866666666666667,7.919999999999998,9.466666666666667,11.440000000000001,11.4,11.7,0.9666666666666668,0.6799999999999997,3.466666666666667,2.533333333333333,0.3333333333333333,68.77333333333331
HAFIZABAD DISTRICT,PUNJAB,GUJRANWALA DIVISION,4.3999999999999995,9.76,9.600000000000001,9.6,8.3,9.0,3.1333333333333337,1.1600000000000001,6.346666666666667,2.033333333333333,0.92,64.25333333333333
MANDI BAHAUDDIN DISTRICT,PUNJAB,GUJRANWALA DIVISION,5.466666666666667,11.2,9.533333333333335,10.879999999999999,12.500000000000002,11.199999999999998,2.8333333333333335,2.04,7.733333333333334,1.2333333333333336,0.8799999999999999,75.5
NAROWAL DISTRICT,PUNJAB,GUJRANWALA DIVISION,9.266666666666666,7.760000000000001,8.266666666666667,9.04,7.199999999999999,7.8999999999999995,2.1000000000000005,0.3999999999999999,2.773333333333334,2.066666666666667,0.45333333333333337,57.22666666666667
SIALKOT DISTRICT,PUNJAB,GUJRANWALA DIVISION,9.666666666666668,8.72,9.8,11.6,9.700000000000001,11.299999999999999,2.5666666666666664,1.8800000000000001,7.5200000000000005,0.7666666666666666,0.72,74.24
KASUR DISTRICT,PUNJAB,LAHORE DIVISION,8.933333333333334,10.64,9.066666666666666,9.679999999999998,10.9,13.1,3.2666666666666666,1.24,6.826666666666666,1.3666666666666667,0.5466666666666666,75.56666666666666
NANKANA SAHIB DISTRICT,PUNJAB,LAHORE DIVISION,5.600000000000001,10.4,8.6,9.76,9.1,11.1,4.566666666666666,1.5199999999999996,4.640000000000001,0.06666666666666654,0.52,65.87333333333332
SHEIKHUPURA DISTRICT,PUNJAB,LAHORE DIVISION,8.200000000000001,10.0,9.0,10.479999999999999,10.6,13.5,3.4000000000000004,1.3199999999999998,6.88,0.23333333333333317,0.6133333333333333,74.22666666666666
KHANEWAL DISTRICT,PUNJAB,MULTAN DIVISION,8.4,11.52,7.933333333333334,9.12,9.6,11.000000000000002,4.0,1.7199999999999998,5.706666666666668,0.9333333333333332,0.76,70.69333333333334
LODHRAN DISTRICT,PUNJAB,MULTAN DIVISION,5.866666666666667,10.959999999999999,7.4,7.839999999999999,10.1,10.3,1.9000000000000001,1.9199999999999997,5.279999999999999,1.3,0.68,63.54666666666667
MULTAN DISTRICT,PUNJAB,MULTAN DIVISION,8.0,11.36,8.8,10.32,10.2,13.2,4.666666666666667,2.28,7.04,0.6666666666666665,1.0933333333333333,77.6266666666667
VEHARI DISTRICT,PUNJAB,MULTAN DIVISION,8.533333333333333,11.84,8.333333333333334,8.72,7.599999999999998,9.700000000000001,3.4666666666666672,1.1199999999999999,7.573333333333334,0.4666666666666669,0.5733333333333333,67.92666666666668
ATTOCK DISTRICT,PUNJAB,RAWALPINDI DIVISION,7.4,7.039999999999999,8.4,9.36,11.7,10.799999999999999,3.0666666666666664,2.44,3.5733333333333333,1.0666666666666669,0.8533333333333333,65.7
CHAKWAL DISTRICT,PUNJAB,RAWALPINDI DIVISION,6.866666666666667,6.8,7.866666666666666,10.0,12.700000000000001,12.700000000000001,3.3666666666666667,4.56,4.16,2.466666666666667,0.3600000000000001,71.84666666666666
JHELUM DISTRICT,PUNJAB,RAWALPINDI DIVISION,7.0,6.159999999999999,8.200000000000001,10.4,9.4,11.899999999999999,2.4333333333333336,1.6800000000000002,3.84,3.833333333333333,0.7466666666666666,65.59333333333332
RAWALPINDI DISTRICT,PUNJAB,RAWALPINDI DIVISION,9.866666666666667,6.960000000000001,8.466666666666667,9.92,11.1,11.799999999999999,3.733333333333333,2.6399999999999997,4.8,1.9333333333333336,0.21333333333333337,71.43333333333334
OKARA DISTRICT,PUNJAB,SAHIWAL DIVISION,9.0,11.04,7.6000000000000005,9.2,7.300000000000001,10.1,3.1,1.28,6.293333333333333,2.0,0.17333333333333337,67.08666666666667
PAKPATTAN DISTRICT,PUNJAB,SAHIWAL DIVISION,6.666666666666668,10.879999999999999,8.0,8.879999999999999,6.699999999999999,9.899999999999997,4.733333333333333,0.7600000000000002,3.7333333333333334,0.8666666666666668,0.7866666666666666,61.906666666666666
SAHIWAL DISTRICT,PUNJAB,SAHIWAL DIVISION,6.133333333333333,10.799999999999999,8.666666666666668,10.799999999999999,13.399999999999999,13.899999999999999,4.4,1.7599999999999998,4.266666666666667,1.0999999999999999,0.15999999999999992,75.38666666666666
BHAKKAR DISTRICT,PUNJAB,SARGODHA DIVISION,7.800000000000001,9.6,6.4,6.720000000000001,6.2,7.1000000000000005,4.133333333333334,0.5999999999999999,5.013333333333334,0.13333333333333308,1.04,54.74
KHUSHAB DISTRICT,PUNJAB,SARGODHA DIVISION,5.0,7.199999999999999,6.066666666666667,6.56,8.4,9.499999999999998,1.5000000000000002,3.5999999999999996,2.826666666666667,2.6,1.0533333333333332,54.30666666666667
MIANWALI DISTRICT,PUNJAB,SARGODHA DIVISION,3.0000000000000004,8.32,6.9333333333333345,8.24,11.199999999999998,11.4,2.7333333333333334,3.28,5.226666666666667,0.8000000000000003,0.5333333333333334,61.66666666666666
SARGODHA DISTRICT,PUNJAB,SARGODHA DIVISION,9.4,11.76,8.866666666666667,10.239999999999998,12.2,12.6,4.466666666666667,1.1999999999999997,5.493333333333334,1.1333333333333335,0.3999999999999999,77.76000000000002
BADIN DISTRICT,SINDH,HYDERABAD DIVISION,9.466666666666667,8.959999999999999,3.4666666666666672,4.4799999999999995,4.5,6.1,0.3666666666666668,5.239999999999999,6.72,2.666666666666667,1.6266666666666667,53.593333333333334
DADU DISTRICT,SINDH,HYDERABAD DIVISION,6.533333333333333,7.5200000000000005,4.466666666666667,5.52,6.1,5.800000000000001,1.9666666666666666,4.16,7.626666666666668,2.8666666666666667,1.4133333333333336,53.97333333333333
HYDERABAD DISTRICT,SINDH,HYDERABAD DIVISION,0.9333333333333338,10.16,8.733333333333333,10.64,14.200000000000001,14.8,3.833333333333333,4.8,7.84,0.3666666666666668,0.1200000000000001,76.42666666666668
JAMSHORO DISTRICT,SINDH,HYDERABAD DIVISION,4.800000000000001,5.359999999999999,3.333333333333334,5.68,3.2999999999999994,4.799999999999999,2.666666666666667,5.04,5.546666666666668,1.9000000000000001,1.7866666666666666,44.21333333333334
MATIARI DISTRICT,SINDH,HYDERABAD DIVISION,0.40000000000000036,8.879999999999999,7.666666666666666,9.28,12.9,13.799999999999999,0.7333333333333331,4.719999999999999,5.76,2.2333333333333334,1.1600000000000001,67.53333333333333
TANDO ALLAHYAR DISTRICT,SINDH,HYDERABAD DIVISION,1.2666666666666673,10.719999999999999,7.2666666666666675,8.48,13.3,14.600000000000001,0.5333333333333334,4.4,6.026666666666666,0.6333333333333336,0.49333333333333346,67.72000000000001
TANDO MUHAMMAD KHAN DISTRICT,SINDH,HYDERABAD DIVISION,3.5333333333333337,9.28,5.533333333333334,5.040000000000001,5.599999999999999,6.8999999999999995,1.1666666666666665,2.4,5.866666666666667,3.0666666666666664,0.06666666666666665,48.45333333333334
THATTA DISTRICT,SINDH,HYDERABAD DIVISION,6.800000000000001,9.36,3.1333333333333337,3.9199999999999995,4.3999999999999995,4.3,1.5333333333333332,3.1599999999999997,4.32,2.3666666666666667,1.8,45.09333333333333
SUJAWAL DISTRICT,SINDH,HYDERABAD DIVISION,6.733333333333333,8.56,3.0000000000000004,4.16,4.1,4.5,2.166666666666667,4.92,2.5599999999999996,2.1333333333333333,0.34666666666666673,43.18
JACOBABAD DISTRICT,SINDH,LARKANA DIVISION,4.666666666666667,8.64,4.333333333333334,6.879999999999999,5.500000000000001,6.8,1.3333333333333337,4.28,6.5600000000000005,0.4333333333333334,0.2666666666666666,49.693333333333335
KASHMORE DISTRICT,SINDH,LARKANA DIVISION,1.9999999999999998,8.0,4.533333333333334,4.8,9.0,8.6,0.06666666666666654,3.4800000000000004,3.0933333333333337,1.4333333333333333,0.7066666666666668,45.71333333333333
LARKANA DISTRICT,SINDH,LARKANA DIVISION,4.266666666666667,9.2,6.866666666666667,9.84,9.2,12.2,1.7333333333333336,3.5599999999999996,6.666666666666668,1.5999999999999999,0.24,65.37333333333333
KAMBAR SHAHDAD KOT DISTRICT,SINDH,LARKANA DIVISION,7.2666666666666675,8.16,5.0,5.6,5.3,6.0,1.2000000000000002,1.56,5.333333333333334,2.3000000000000003,0.09333333333333327,47.81333333333334
SHIKARPUR DISTRICT,SINDH,LARKANA DIVISION,4.6000000000000005,7.68,5.466666666666667,7.5200000000000005,7.8999999999999995,9.2,1.2666666666666666,2.84,3.893333333333334,1.2666666666666666,0.5066666666666666,52.14000000000001
MIRPUR KHAS DISTRICT,SINDH,MIRPUR KHAS DIVISION,8.466666666666667,9.92,4.066666666666666,5.76,5.8999999999999995,5.1,0.39999999999999986,4.039999999999999,5.44,2.9000000000000004,0.2533333333333334,52.246666666666655
SANGHAR DISTRICT,SINDH,SHAHEED BENAZIRABAD DIVISION,8.333333333333334,9.679999999999998,5.066666666666666,7.359999999999999,5.3999999999999995,8.0,1.0666666666666669,4.6,3.9466666666666663,0.49999999999999994,0.9733333333333335,54.92666666666667
THARPARKAR DISTRICT,SINDH,MIRPUR KHAS DIVISION,7.133333333333335,1.6800000000000002,1.5333333333333332,3.039999999999999,4.3,10.9,3.5666666666666673,5.76,4.0,0.33333333333333326,1.72,43.96666666666667
UMER KOT DISTRICT,SINDH,MIRPUR KHAS DIVISION,6.466666666666668,8.48,2.9333333333333336,6.079999999999998,6.3999999999999995,8.899999999999999,2.3666666666666667,3.7199999999999998,2.453333333333333,1.6333333333333333,0.8133333333333334,50.24666666666666
GHOTKI DISTRICT,SINDH,SUKKUR DIVISION,5.533333333333334,9.439999999999998,5.333333333333334,6.8,6.999999999999999,8.3,2.1999999999999997,2.16,6.4,0.7000000000000002,0.42666666666666675,54.29333333333334
KHAIRPUR DISTRICT,SINDH,SUKKUR DIVISION,8.733333333333333,10.32,6.0,8.4,9.299999999999999,13.0,1.4000000000000004,5.0,3.68,3.2999999999999994,1.1333333333333333,70.26666666666667
SHAHEED BENAZIRABAD DISTRICT,SINDH,SHAHEED BENAZIRABAD DIVISION,5.2,10.239999999999998,6.533333333333333,7.599999999999999,7.399999999999999,8.1,0.6333333333333336,3.12,7.786666666666668,1.0333333333333334,0.43999999999999995,58.08666666666666
SUKKUR DISTRICT,SINDH,SUKKUR DIVISION,5.733333333333333,7.599999999999999,4.266666666666667,6.4,5.2,6.300000000000001,2.466666666666667,1.04,4.48,1.8333333333333337,1.08,46.4
AWARAN DISTRICT,BALOCHISTAN,KALAT DIVISION,5.4,4.0,0.13333333333333308,0.08000000000000052,0.8,0.4999999999999999,2.7,2.2,1.173333333333333,3.0333333333333337,1.8933333333333335,21.913333333333334
KALAT DISTRICT,BALOCHISTAN,KALAT DIVISION,7.533333333333333,3.3600000000000003,0.40000000000000036,0.2400000000000002,0.6999999999999995,0.8,1.8333333333333337,0.2799999999999998,1.706666666666667,4.333333333333334,1.6933333333333334,22.880000000000003
SHAHEED SIKANDAR ABAD DISTRICT,BALOCHISTAN,KALAT DIVISION,4.733333333333333,4.32,2.1333333333333337,3.12,3.1,3.499999999999999,2.2333333333333334,1.8399999999999999,1.173333333333333,4.633333333333333,1.56,32.34666666666667
KHARAN DISTRICT,BALOCHISTAN,RAKHSHAN DIVISION,4.066666666666666,6.4799999999999995,1.8000000000000005,1.7599999999999991,2.1,2.4999999999999996,4.6000000000000005,2.9200000000000004,1.9733333333333338,1.5000000000000002,1.76,31.460000000000004
KHUZDAR DISTRICT,BALOCHISTAN,KALAT DIVISION,10.0,4.08,0.0666666666666671,0.1599999999999997,0.10000000000000064,0.10000000000000064,0.9999999999999999,3.2,1.92,3.3666666666666667,1.4533333333333334,25.446666666666673
LASBELA DISTRICT,BALOCHISTAN,KALAT DIVISION,8.266666666666667,6.319999999999999,0.9333333333333338,2.08,1.4000000000000006,2.7000000000000006,4.266666666666667,4.76,2.9866666666666664,4.6000000000000005,1.666666666666667,39.98
MASTUNG DISTRICT,BALOCHISTAN,KALAT DIVISION,5.266666666666667,5.52,4.0,3.7600000000000002,3.799999999999999,2.3,1.5666666666666669,1.44,1.173333333333333,4.166666666666667,1.8266666666666667,34.82
WASHUK DISTRICT,BALOCHISTAN,RAKHSHAN DIVISION,3.8000000000000003,4.8,0.20000000000000018,0.4800000000000004,0.6000000000000005,1.1000000000000003,2.3333333333333335,0.3600000000000003,1.173333333333333,3.933333333333333,1.7733333333333334,20.553333333333335
GWADAR DISTRICT,BALOCHISTAN,MEKRAN DIVISION,4.466666666666667,2.56,0.6000000000000005,0.3999999999999999,0.39999999999999925,0.6000000000000005,3.2999999999999994,5.08,4.96,3.4333333333333336,1.5466666666666666,27.346666666666668
KECH DISTRICT,BALOCHISTAN,MEKRAN DIVISION,6.599999999999999,1.04,0.9999999999999999,0.7200000000000006,1.7999999999999998,0.39999999999999925,4.533333333333333,5.2,1.386666666666667,4.233333333333333,1.7066666666666666,28.62
PANJGUR DISTRICT,BALOCHISTAN,MEKRAN DIVISION,2.6666666666666674,3.7600000000000002,0.7999999999999997,1.28,3.4,1.3,4.7,3.32,2.6133333333333333,4.2,1.92,29.96
JAFFARABAD DISTRICT,BALOCHISTAN,NASIRABAD DIVISION,3.4000000000000004,7.359999999999999,2.7333333333333334,4.08,3.7000000000000006,3.4,0.2666666666666667,2.72,1.6533333333333335,1.7666666666666668,1.0666666666666667,32.14666666666666
JHAL MAGSI DISTRICT,BALOCHISTAN,NASIRABAD DIVISION,3.6,4.4799999999999995,1.4666666666666661,1.9200000000000004,1.6,1.9000000000000006,1.3,0.32,1.173333333333333,2.4000000000000004,1.9733333333333334,22.13333333333333
KACHHI DISTRICT,BALOCHISTAN,NASIRABAD DIVISION,6.0,3.2000000000000006,1.6000000000000005,2.2399999999999998,2.7999999999999994,3.5999999999999996,1.8666666666666665,0.4400000000000001,1.3333333333333333,3.333333333333334,1.906666666666667,28.32
NASIRABAD DISTRICT,BALOCHISTAN,NASIRABAD DIVISION,5.333333333333334,5.76,1.4000000000000004,2.3999999999999995,1.3,3.1,0.03333333333333355,0.2400000000000002,2.666666666666667,0.9000000000000002,1.5866666666666667,24.720000000000002
CHAGAI DISTRICT,BALOCHISTAN,RAKHSHAN DIVISION,3.333333333333334,0.64,0.46666666666666634,0.64,0.9000000000000008,0.19999999999999962,2.5,5.8,1.173333333333333,1.9666666666666666,1.9333333333333336,19.55333333333333
KILLA ABDULLAH DISTRICT,BALOCHISTAN,QUETTA DIVISION,2.1999999999999997,5.840000000000001,2.4000000000000004,3.5199999999999996,6.0,3.799999999999999,1.4666666666666668,4.52,1.173333333333333,3.733333333333333,1.7466666666666666,36.4
NUSHKI DISTRICT,BALOCHISTAN,RAKHSHAN DIVISION,0.6666666666666665,6.4,2.8000000000000007,1.5200000000000005,1.9999999999999996,2.7999999999999994,4.833333333333334,4.12,1.173333333333333,4.433333333333334,1.7333333333333334,32.480000000000004
PISHIN DISTRICT,BALOCHISTAN,QUETTA DIVISION,6.066666666666667,3.6,2.533333333333333,4.56,5.7,4.2,1.1333333333333335,5.16,6.24,3.5333333333333337,0.08000000000000007,42.806666666666665
QUETTA DISTRICT,BALOCHISTAN,QUETTA DIVISION,0.0666666666666671,5.6,8.533333333333333,11.76,14.899999999999999,14.899999999999999,4.933333333333334,4.64,1.173333333333333,3.5,0.1333333333333333,70.14
DERA BUGTI DISTRICT,BALOCHISTAN,SIBI DIVISION,7.066666666666667,5.040000000000001,0.26666666666666616,1.1999999999999997,1.1000000000000003,1.7999999999999998,0.8333333333333333,0.47999999999999976,3.306666666666667,4.833333333333334,1.9866666666666666,27.913333333333338
HARNAI DISTRICT,BALOCHISTAN,SIBI DIVISION,1.8666666666666665,2.3999999999999995,2.6,3.4399999999999995,3.9,4.000000000000001,0.0,2.5599999999999996,2.4000000000000004,4.366666666666666,1.8533333333333333,29.386666666666663
KOHLU DISTRICT,BALOCHISTAN,SIBI DIVISION,5.800000000000001,2.6399999999999997,0.0,0.0,0.0,0.0,0.16666666666666663,0.1200000000000001,1.2800000000000002,4.566666666666666,1.84,16.413333333333334
SIBI DISTRICT,BALOCHISTAN,SIBI DIVISION,4.0,4.640000000000001,0.8666666666666668,1.6800000000000002,1.4999999999999998,1.6,3.7666666666666666,0.5600000000000003,1.173333333333333,3.6,1.8133333333333332,25.2
ZIARAT DISTRICT,BALOCHISTAN,SIBI DIVISION,1.6000000000000005,1.5200000000000005,2.266666666666667,3.28,5.1,5.7,2.8000000000000007,1.9599999999999997,1.173333333333333,1.4000000000000004,1.8800000000000001,28.680000000000003
BARKHAN DISTRICT,BALOCHISTAN,ZHOB DIVISION,0.7333333333333336,4.88,2.333333333333333,2.3200000000000003,2.9999999999999996,2.9000000000000004,2.533333333333333,0.8799999999999996,7.466666666666667,2.9333333333333336,1.946666666666667,31.92666666666666
KILLA SAIFULLAH DISTRICT,BALOCHISTAN,ZHOB DIVISION,5.066666666666666,2.7999999999999994,1.2000000000000002,2.48,2.9000000000000004,2.1,1.7000000000000002,0.64,1.4933333333333332,3.9000000000000004,1.3733333333333335,25.653333333333336
LORALAI DISTRICT,BALOCHISTAN,ZHOB DIVISION,3.6666666666666674,5.279999999999999,1.0666666666666669,1.9999999999999996,2.4999999999999996,1.6999999999999993,2.766666666666667,5.119999999999999,2.1333333333333337,2.766666666666667,1.6400000000000001,30.639999999999993
DUKI DISTRICT,BALOCHISTAN,ZHOB DIVISION,1.333333333333333,4.4,0.6666666666666665,1.44,1.9000000000000006,1.9999999999999996,0.13333333333333308,4.24,1.173333333333333,0.9666666666666668,1.5333333333333332,19.78666666666666
MUSAKHEL DISTRICT,BALOCHISTAN,ZHOB DIVISION,3.1333333333333337,0.2400000000000002,0.7333333333333336,1.3599999999999994,1.1999999999999995,2.6,1.0333333333333334,1.08,1.173333333333333,3.6666666666666674,1.4933333333333332,17.71333333333333
SHERANI DISTRICT,BALOCHISTAN,ZHOB DIVISION,2.1333333333333337,2.9600000000000004,2.066666666666667,0.7999999999999998,0.9999999999999998,1.1999999999999995,1.3666666666666667,0.9600000000000002,2.08,5.0,1.1733333333333333,20.74
ZHOB DISTRICT,BALOCHISTAN,ZHOB DIVISION,3.933333333333333,2.72,1.9999999999999998,1.1200000000000006,2.3,3.2,3.1666666666666665,3.2399999999999998,1.5999999999999996,1.4666666666666668,0.3866666666666667,25.133333333333336
BAJAUR DISTRICT,KHYBER PAKHTUNKHWA,MALAKAND DIVISION,9.600000000000001,3.6799999999999997,3.0666666666666664,3.8399999999999994,4.2,4.3999999999999995,0.20000000000000018,0.1599999999999997,1.8666666666666663,3.8000000000000003,1.426666666666667,36.24
KHYBER DISTRICT,KHYBER PAKHTUNKHWA,PESHAWAR DIVISION,3.866666666666667,1.8399999999999999,1.9333333333333336,2.88,1.6999999999999993,2.4000000000000004,2.4000000000000004,4.88,4.213333333333333,4.133333333333334,1.1066666666666667,31.353333333333328
KURRAM DISTRICT,KHYBER PAKHTUNKHWA,KOHAT DIVISION,5.666666666666667,0.4800000000000004,3.1999999999999997,2.7999999999999994,3.5999999999999996,3.2999999999999994,3.333333333333334,2.3200000000000003,2.9333333333333336,4.033333333333333,1.52,33.186666666666675
MOHMAND DISTRICT,KHYBER PAKHTUNKHWA,PESHAWAR DIVISION,6.2,5.919999999999999,3.733333333333333,3.3600000000000003,4.7,7.300000000000001,0.8000000000000003,0.9199999999999999,4.373333333333333,4.733333333333333,1.6,43.64
NORTH WAZIRISTAN DISTRICT,KHYBER PAKHTUNKHWA,BANNU DIVISION,7.2,1.7599999999999991,1.2666666666666673,0.3199999999999994,2.6,0.30000000000000027,2.8666666666666667,2.8,7.1466666666666665,4.4,1.48,32.13999999999999
ORAKZAI DISTRICT,KHYBER PAKHTUNKHWA,KOHAT DIVISION,2.8000000000000007,1.28,2.1999999999999997,2.16,8.5,7.399999999999999,2.066666666666667,4.08,4.426666666666667,4.966666666666667,1.24,41.120000000000005
SOUTH WAZIRISTAN DISTRICT,KHYBER PAKHTUNKHWA,DERA ISMAIL KHAN DIVISION,8.066666666666666,0.3999999999999999,1.1333333333333329,0.9599999999999995,2.199999999999999,0.9000000000000008,2.1333333333333333,0.19999999999999996,1.7599999999999998,4.933333333333334,1.1866666666666665,23.87333333333333
ISLAMABAD DISTRICT,ISLAMABAD CAPITAL TERRITORY,FEDERAL CAPITAL AREA,0.0,6.24,9.733333333333334,11.2,13.0,13.599999999999998,1.0999999999999999,5.359999999999999,5.973333333333333,3.4000000000000004,0.06666666666666665,69.67333333333333
BALTISTAN DISTRICT,GILGIT BALTISTAN,BALTISTAN DIVISION,1.2000000000000002,0.7200000000000006,3.866666666666667,5.44,4.6,8.799999999999999,4.866666666666667,5.720000000000001,5.173333333333334,0.0,1.2266666666666666,41.61333333333333
GHANCHE DISTRICT,GILGIT BALTISTAN,BALTISTAN DIVISION,1.4666666666666661,0.5599999999999996,4.933333333333334,3.6799999999999997,9.899999999999997,9.299999999999999,4.9,5.6,1.173333333333333,3.6333333333333337,1.6133333333333333,46.75999999999999
ASTORE DISTRICT,GILGIT BALTISTAN,ASTORE DIVISION,0.13333333333333308,0.1599999999999997,3.5333333333333337,1.04,4.799999999999999,7.699999999999999,3.0333333333333337,0.72,1.173333333333333,4.7666666666666675,1.0133333333333332,28.073333333333327
DIAMIR DISTRICT,GILGIT BALTISTAN,ASTORE DIVISION,0.7999999999999997,0.7999999999999998,1.7333333333333336,1.8399999999999999,2.7000000000000006,2.9999999999999996,4.066666666666666,1.8,1.5466666666666669,4.533333333333333,1.12,23.94
GHIZER DISTRICT,GILGIT BALTISTAN,GILGIT DIVISION,2.066666666666667,2.2399999999999998,7.466666666666666,4.32,11.899999999999999,9.1,4.2,5.68,6.933333333333334,4.800000000000001,1.4666666666666668,60.17333333333333
GILGIT DISTRICT,GILGIT BALTISTAN,GILGIT DIVISION,0.20000000000000018,5.119999999999999,6.666666666666668,8.0,13.7,13.7,4.633333333333333,5.64,7.306666666666667,2.6333333333333333,1.3199999999999998,68.92
HUNZA DISTRICT,GILGIT BALTISTAN,GILGIT DIVISION,0.33333333333333326,1.9999999999999996,5.4,6.319999999999999,12.099999999999998,13.399999999999999,5.0,6.0,5.12,1.5666666666666669,1.4000000000000001,58.63999999999999
KHARMANG DISTRICT,GILGIT BALTISTAN,BALTISTAN DIVISION,0.9999999999999999,3.12,1.8666666666666665,4.24,8.799999999999999,5.0,0.6000000000000001,3.7999999999999994,1.173333333333333,4.9,1.2133333333333334,35.71333333333333
SHIGAR DISTRICT,GILGIT BALTISTAN,BALTISTAN DIVISION,0.8666666666666668,2.48,2.4666666666666672,2.56,5.0,1.4000000000000006,0.33333333333333326,4.2,2.0266666666666664,4.666666666666667,1.5733333333333333,27.573333333333338
BHIMBER DISTRICT,AZAD JAMMU AND KASHMIR,MIRPUR DIVISION,4.533333333333334,5.44,8.066666666666666,8.56,13.1,13.3,3.0,3.0799999999999996,7.2,3.4666666666666672,0.9333333333333333,70.68
KOTLI DISTRICT,AZAD JAMMU AND KASHMIR,MIRPUR DIVISION,6.2666666666666675,3.039999999999999,7.733333333333333,7.199999999999999,13.2,12.4,3.6666666666666674,3.039999999999999,3.2,0.39999999999999986,0.19999999999999996,60.346666666666664
MIRPUR DISTRICT,AZAD JAMMU AND KASHMIR,MIRPUR DIVISION,1.9333333333333336,6.56,9.200000000000001,11.36,10.5,12.099999999999998,2.3000000000000003,2.9599999999999995,4.906666666666666,4.466666666666667,1.44,67.72666666666666
HATTIAN BALA DISTRICT,AZAD JAMMU AND KASHMIR,MUZAFARABAD DIVISION,3.0666666666666664,2.08,4.800000000000001,3.6,9.499999999999998,4.8999999999999995,0.9333333333333332,1.4800000000000002,1.8133333333333335,1.7000000000000002,0.6933333333333335,34.56666666666667
MUZAFFARABAD DISTRICT,AZAD JAMMU AND KASHMIR,MUZAFARABAD DIVISION,5.933333333333334,2.16,5.800000000000001,6.159999999999999,10.3,6.599999999999999,1.4333333333333333,2.6,1.2266666666666666,1.3333333333333337,0.2933333333333332,43.84
NEELUM DISTRICT,AZAD JAMMU AND KASHMIR,MUZAFARABAD DIVISION,1.7333333333333336,0.9599999999999995,3.6,2.9600000000000004,13.599999999999998,4.7,1.666666666666667,3.9199999999999995,1.173333333333333,4.066666666666666,1.6533333333333335,40.03333333333333
BAGH DISTRICT,AZAD JAMMU AND KASHMIR,RAWALAKOT DIVISION,2.7333333333333334,1.1200000000000006,7.066666666666667,6.4799999999999995,14.1,11.499999999999998,3.6333333333333337,5.52,1.173333333333333,0.03333333333333355,0.6666666666666667,54.026666666666664
HAVELI DISTRICT,AZAD JAMMU AND KASHMIR,RAWALAKOT DIVISION,3.1999999999999997,1.3599999999999994,4.133333333333334,4.88,10.799999999999999,5.8999999999999995,3.966666666666667,4.96,1.173333333333333,0.8333333333333333,1.0266666666666666,42.23333333333333
POONCH DISTRICT,AZAD JAMMU AND KASHMIR,RAWALAKOT DIVISION,2.9333333333333336,1.9200000000000004,8.133333333333333,7.919999999999998,13.899999999999999,8.700000000000001,3.8000000000000003,5.32,2.72,1.8666666666666665,0.30666666666666664,57.519999999999996
SUDHNOTI DISTRICT,AZAD JAMMU AND KASHMIR,RAWALAKOT DIVISION,2.533333333333333,1.5999999999999996,5.600000000000001,4.640000000000001,14.600000000000001,10.4,0.9000000000000002,2.12,1.173333333333333,3.2,0.06666666666666665,46.833333333333336
MALIR DISTRICT,SINDH,KARACHI DIVISION,1.1333333333333329,7.119999999999999,5.866666666666667,10.959999999999999,12.0,7.199999999999999,4.233333333333333,5.92,7.8933333333333335,2.1000000000000005,0.96,65.38666666666666
KARACHI WEST DISTRICT,SINDH,KARACHI DIVISION,0.26666666666666616,5.68,5.733333333333333,10.08,8.700000000000001,10.5,3.5333333333333337,5.3999999999999995,7.413333333333333,2.5666666666666664,0.06666666666666665,59.940000000000005
LAHORE DISTRICT,PUNJAB,LAHORE DIVISION,1.0666666666666669,8.8,10.0,12.0,14.5,14.7,4.7666666666666675,4.0,7.946666666666666,2.8000000000000007,0.14666666666666672,80.72666666666666
SOHBATPUR DISTRICT,BALOCHISTAN,NASIRABAD DIVISION,3.2666666666666666,7.4399999999999995,4.666666666666667,5.119999999999999,8.1,8.4,4.3,0.04000000000000026,5.066666666666666,4.3,0.06666666666666665,50.76666666666666
NAUSHAHRO FEROZE DISTRICT,SINDH,SHAHEED BENAZIRABAD DIVISION,4.200000000000001,10.08,6.800000000000001,9.52,8.2,12.0,0.7666666666666666,2.6799999999999997,6.1866666666666665,0.10000000000000009,0.4133333333333334,60.946666666666665
NAGAR DISTRICT,GILGIT BALTISTAN,GILGIT DIVISION,0.6000000000000005,0.08000000000000052,6.733333333333333,6.0,12.299999999999999,12.299999999999999,3.8666666666666667,5.840000000000001,6.986666666666666,3.1,1.28,59.086666666666666
KOHISTAN DISTRICT,KHYBER PAKHTUNKHWA,HAZARA DIVISION,7.466666666666666,0.8800000000000002,0.5333333333333334,0.8800000000000002,0.19999999999999962,0.6999999999999995,0.30000000000000027,0.52,1.173333333333333,4.7,1.3333333333333335,18.686666666666664
LOWER KOHISTAN,KHYBER PAKHTUNKHWA,HAZARA DIVISION,7.733333333333333,1.1999999999999997,1.6666666666666665,1.5999999999999996,0.30000000000000027,1.4999999999999998,0.4333333333333334,0.7999999999999998,3.413333333333333,3.5666666666666673,1.5066666666666666,23.720000000000002
KOLAI PALAS KOHISTAN,KHYBER PAKHTUNKHWA,HAZARA DIVISION,6.9333333333333345,0.0,0.33333333333333326,0.5599999999999996,0.4999999999999999,0.9999999999999998,0.4666666666666669,0.07999999999999985,1.173333333333333,4.5,1.2533333333333334,16.8
